Region,Year,Age,SuicideDeaths,Population,SuicideRate,AgeEnd,NineEnd,DeathsAll,RegionCode
"Midwest",2000,25,103,824436,12.49,5,0,502,4
"Midwest",2000,26,101,790932,12.77,6,0,387,4
"Midwest",2000,27,106,826895,12.82,7,0,428,4
"Midwest",2000,28,107,876475,12.21,8,0,445,4
"Midwest",2000,29,116,934470,12.41,9,9,512,4
"Midwest",2000,30,114,933611,12.21,0,0,444,4
"Midwest",2000,31,111,878194,12.64,1,0,435,4
"Midwest",2000,32,94,871712,10.78,2,0,416,4
"Midwest",2000,33,114,888012,12.84,3,0,452,4
"Midwest",2000,34,111,921252,12.05,4,0,435,4
"Midwest",2000,35,127,994905,12.77,5,0,499,4
"Midwest",2000,36,118,1003745,11.76,6,0,471,4
"Midwest",2000,37,128,1012683,12.64,7,0,579,4
"Midwest",2000,38,148,1032462,14.33,8,0,572,4
"Midwest",2000,39,162,1052482,15.39,9,9,595,4
"Midwest",2000,40,180,1075295,16.74,0,0,599,4
"Midwest",2000,41,164,1031716,15.9,1,0,603,4
"Midwest",2000,42,169,1053393,16.04,2,0,580,4
"Midwest",2000,43,153,1021379,14.98,3,0,557,4
"Midwest",2000,44,159,1000249,15.9,4,0,580,4
"Midwest",2000,45,139,1004798,13.83,5,0,550,4
"Midwest",2000,46,142,948622,14.97,6,0,478,4
"Midwest",2000,47,133,931879,14.27,7,0,489,4
"Midwest",2000,48,128,911818,14.04,8,0,462,4
"Midwest",2000,49,118,870466,13.56,9,9,432,4
"Midwest",2000,50,126,872215,14.45,0,0,407,4
"Midwest",2000,51,98,830657,11.8,1,0,371,4
"Midwest",2000,52,98,847314,11.57,2,0,379,4
"Midwest",2000,53,94,828513,11.35,3,0,350,4
"Midwest",2000,54,67,627920,10.67,4,0,243,4
"Midwest",2000,55,75,634990,11.81,5,0,277,4
"Midwest",2000,56,56,643441,8.7,6,0,243,4
"Midwest",2000,57,82,659038,12.44,7,0,309,4
"Midwest",2000,58,61,588246,10.37,8,0,244,4
"Midwest",2000,59,69,544760,12.67,9,9,245,4
"Midwest",2000,60,48,525994,9.13,0,0,234,4
"Midwest",2000,61,56,513633,10.9,1,0,223,4
"Midwest",2000,62,48,498021,9.64,2,0,223,4
"Midwest",2000,63,41,471525,8.7,3,0,194,4
"Midwest",2000,64,51,467769,10.9,4,0,257,4
"Northeast",2000,25,48,653766,7.34,5,0,267,1
"Northeast",2000,26,55,635601,8.65,6,0,295,1
"Northeast",2000,27,80,673260,11.88,7,0,307,1
"Northeast",2000,28,59,717249,8.23,8,0,315,1
"Northeast",2000,29,63,780178,8.08,9,9,325,1
"Northeast",2000,30,63,806267,7.81,0,0,334,1
"Northeast",2000,31,66,760972,8.67,1,0,333,1
"Northeast",2000,32,78,772675,10.09,2,0,310,1
"Northeast",2000,33,66,788393,8.37,3,0,308,1
"Northeast",2000,34,74,829488,8.92,4,0,343,1
"Northeast",2000,35,94,888413,10.58,5,0,378,1
"Northeast",2000,36,105,880339,11.93,6,0,429,1
"Northeast",2000,37,81,875466,9.25,7,0,368,1
"Northeast",2000,38,103,882714,11.67,8,0,397,1
"Northeast",2000,39,93,898477,10.35,9,9,423,1
"Northeast",2000,40,98,920398,10.65,0,0,432,1
"Northeast",2000,41,96,878434,10.93,1,0,390,1
"Northeast",2000,42,111,888906,12.49,2,0,432,1
"Northeast",2000,43,100,856751,11.67,3,0,412,1
"Northeast",2000,44,91,837984,10.86,4,0,338,1
"Northeast",2000,45,91,842980,10.8,5,0,361,1
"Northeast",2000,46,80,789222,10.14,6,0,332,1
"Northeast",2000,47,106,780888,13.57,7,0,350,1
"Northeast",2000,48,93,755040,12.32,8,0,328,1
"Northeast",2000,49,78,733288,10.64,9,9,312,1
"Northeast",2000,50,71,745759,9.52,0,0,279,1
"Northeast",2000,51,78,709437,10.99,1,0,289,1
"Northeast",2000,52,70,737144,9.5,2,0,255,1
"Northeast",2000,53,87,728763,11.94,3,0,256,1
"Northeast",2000,54,59,560782,10.52,4,0,197,1
"Northeast",2000,55,73,560605,13.02,5,0,220,1
"Northeast",2000,56,49,562560,8.71,6,0,192,1
"Northeast",2000,57,61,583234,10.46,7,0,215,1
"Northeast",2000,58,54,503478,10.73,8,0,178,1
"Northeast",2000,59,49,466140,10.51,9,9,163,1
"Northeast",2000,60,32,457656,6.99,0,0,153,1
"Northeast",2000,61,27,437135,6.18,1,0,140,1
"Northeast",2000,62,43,429221,10.02,2,0,149,1
"Northeast",2000,63,43,405718,10.6,3,0,154,1
"Northeast",2000,64,39,401624,9.71,4,0,132,1
"South",2000,25,178,1357841,13.11,5,0,998,2
"South",2000,26,185,1320061,14.01,6,0,936,2
"South",2000,27,173,1384857,12.49,7,0,962,2
"South",2000,28,190,1453112,13.08,8,0,940,2
"South",2000,29,193,1529369,12.62,9,9,969,2
"South",2000,30,192,1522239,12.61,0,0,909,2
"South",2000,31,180,1424517,12.64,1,0,867,2
"South",2000,32,201,1415119,14.2,2,0,907,2
"South",2000,33,168,1425108,11.79,3,0,852,2
"South",2000,34,212,1487120,14.26,4,0,933,2
"South",2000,35,205,1608183,12.75,5,0,959,2
"South",2000,36,251,1611641,15.57,6,0,1095,2
"South",2000,37,255,1608532,15.85,7,0,1135,2
"South",2000,38,265,1611568,16.44,8,0,1146,2
"South",2000,39,258,1625215,15.87,9,9,1158,2
"South",2000,40,297,1655639,17.94,0,0,1184,2
"South",2000,41,248,1570025,15.8,1,0,1162,2
"South",2000,42,265,1595125,16.61,2,0,1096,2
"South",2000,43,241,1550319,15.55,3,0,1113,2
"South",2000,44,263,1511054,17.41,4,0,1077,2
"South",2000,45,262,1522416,17.21,5,0,1035,2
"South",2000,46,221,1435886,15.39,6,0,949,2
"South",2000,47,245,1408345,17.4,7,0,986,2
"South",2000,48,201,1359903,14.78,8,0,849,2
"South",2000,49,220,1319696,16.67,9,9,854,2
"South",2000,50,190,1339551,14.18,0,0,819,2
"South",2000,51,236,1285128,18.36,1,0,826,2
"South",2000,52,201,1319128,15.24,2,0,727,2
"South",2000,53,184,1294192,14.22,3,0,720,2
"South",2000,54,145,1011486,14.34,4,0,566,2
"South",2000,55,123,1031741,11.92,5,0,555,2
"South",2000,56,151,1026055,14.72,6,0,584,2
"South",2000,57,139,1024992,13.56,7,0,560,2
"South",2000,58,109,918973,11.86,8,0,468,2
"South",2000,59,156,869455,17.94,9,9,465,2
"South",2000,60,114,849732,13.42,0,0,485,2
"South",2000,61,111,811891,13.67,1,0,428,2
"South",2000,62,101,797724,12.66,2,0,416,2
"South",2000,63,96,753896,12.73,3,0,413,2
"South",2000,64,95,758289,12.53,4,0,428,2
"West",2000,25,128,908496,14.09,5,0,476,3
"West",2000,26,92,873066,10.54,6,0,448,3
"West",2000,27,115,904788,12.71,7,0,480,3
"West",2000,28,110,937976,11.73,8,0,449,3
"West",2000,29,139,998508,13.92,9,9,475,3
"West",2000,30,130,1027853,12.65,0,0,436,3
"West",2000,31,128,947892,13.5,1,0,483,3
"West",2000,32,109,934615,11.66,2,0,435,3
"West",2000,33,120,925060,12.97,3,0,484,3
"West",2000,34,120,950289,12.63,4,0,482,3
"West",2000,35,135,1024617,13.18,5,0,502,3
"West",2000,36,158,1015443,15.56,6,0,554,3
"West",2000,37,133,1020379,13.03,7,0,539,3
"West",2000,38,158,1027070,15.38,8,0,593,3
"West",2000,39,135,1032330,13.08,9,9,582,3
"West",2000,40,176,1060102,16.6,0,0,602,3
"West",2000,41,162,986501,16.42,1,0,614,3
"West",2000,42,154,1009796,15.25,2,0,585,3
"West",2000,43,160,979421,16.34,3,0,643,3
"West",2000,44,163,959376,16.99,4,0,608,3
"West",2000,45,156,971266,16.06,5,0,608,3
"West",2000,46,136,913833,14.88,6,0,531,3
"West",2000,47,136,898580,15.13,7,0,545,3
"West",2000,48,148,858384,17.24,8,0,558,3
"West",2000,49,154,835094,18.44,9,9,488,3
"West",2000,50,141,850990,16.57,0,0,478,3
"West",2000,51,128,791775,16.17,1,0,443,3
"West",2000,52,116,803850,14.43,2,0,453,3
"West",2000,53,152,783572,19.4,3,0,476,3
"West",2000,54,109,617372,17.66,4,0,337,3
"West",2000,55,100,623264,16.04,5,0,319,3
"West",2000,56,76,605396,12.55,6,0,284,3
"West",2000,57,80,596756,13.41,7,0,313,3
"West",2000,58,75,529455,14.17,8,0,247,3
"West",2000,59,70,496658,14.09,9,9,263,3
"West",2000,60,66,486562,13.56,0,0,233,3
"West",2000,61,58,458568,12.65,1,0,201,3
"West",2000,62,57,446106,12.78,2,0,231,3
"West",2000,63,56,422012,13.27,3,0,207,3
"West",2000,64,55,412371,13.34,4,0,182,3
"Midwest",2001,25,87,792718,10.97,5,0,458,4
"Midwest",2001,26,105,822760,12.76,6,0,465,4
"Midwest",2001,27,101,794002,12.72,7,0,454,4
"Midwest",2001,28,88,813381,10.82,8,0,409,4
"Midwest",2001,29,115,861351,13.35,9,9,461,4
"Midwest",2001,30,126,922273,13.66,0,0,480,4
"Midwest",2001,31,136,932441,14.59,1,0,480,4
"Midwest",2001,32,103,890563,11.57,2,0,416,4
"Midwest",2001,33,122,871726,14,3,0,479,4
"Midwest",2001,34,132,885108,14.91,4,0,470,4
"Midwest",2001,35,126,908942,13.86,5,0,461,4
"Midwest",2001,36,141,975713,14.45,6,0,541,4
"Midwest",2001,37,152,1003426,15.15,7,0,566,4
"Midwest",2001,38,165,1011929,16.31,8,0,574,4
"Midwest",2001,39,162,1027658,15.76,9,9,630,4
"Midwest",2001,40,177,1049352,16.87,0,0,635,4
"Midwest",2001,41,161,1066603,15.09,1,0,627,4
"Midwest",2001,42,127,1037487,12.24,2,0,566,4
"Midwest",2001,43,187,1044630,17.9,3,0,633,4
"Midwest",2001,44,167,1032828,16.17,4,0,609,4
"Midwest",2001,45,154,994268,15.49,5,0,594,4
"Midwest",2001,46,153,997339,15.34,6,0,563,4
"Midwest",2001,47,178,959579,18.55,7,0,553,4
"Midwest",2001,48,145,927479,15.63,8,0,502,4
"Midwest",2001,49,124,909391,13.64,9,9,476,4
"Midwest",2001,50,144,877443,16.41,0,0,455,4
"Midwest",2001,51,108,864487,12.49,1,0,432,4
"Midwest",2001,52,105,834815,12.58,2,0,392,4
"Midwest",2001,53,101,823273,12.27,3,0,395,4
"Midwest",2001,54,117,865993,13.51,4,0,403,4
"Midwest",2001,55,98,632710,15.49,5,0,320,4
"Midwest",2001,56,91,629565,14.45,6,0,276,4
"Midwest",2001,57,79,630983,12.52,7,0,289,4
"Midwest",2001,58,86,664149,12.95,8,0,288,4
"Midwest",2001,59,90,590848,15.23,9,9,294,4
"Midwest",2001,60,57,542749,10.5,0,0,226,4
"Midwest",2001,61,57,523367,10.89,1,0,222,4
"Midwest",2001,62,56,507436,11.04,2,0,237,4
"Midwest",2001,63,43,494382,8.7,3,0,224,4
"Midwest",2001,64,47,466578,10.07,4,0,185,4
"Northeast",2001,25,52,648672,8.02,5,0,356,1
"Northeast",2001,26,54,658869,8.2,6,0,404,1
"Northeast",2001,27,54,644742,8.38,7,0,346,1
"Northeast",2001,28,80,670575,11.93,8,0,414,1
"Northeast",2001,29,70,713171,9.82,9,9,414,1
"Northeast",2001,30,75,776178,9.66,0,0,412,1
"Northeast",2001,31,85,806420,10.54,1,0,425,1
"Northeast",2001,32,88,771384,11.41,2,0,444,1
"Northeast",2001,33,78,772615,10.1,3,0,430,1
"Northeast",2001,34,86,785930,10.94,4,0,445,1
"Northeast",2001,35,87,821029,10.6,5,0,471,1
"Northeast",2001,36,75,873162,8.59,6,0,461,1
"Northeast",2001,37,105,880718,11.92,7,0,579,1
"Northeast",2001,38,92,875594,10.51,8,0,553,1
"Northeast",2001,39,106,878954,12.06,9,9,527,1
"Northeast",2001,40,90,896098,10.04,0,0,547,1
"Northeast",2001,41,97,915054,10.6,1,0,501,1
"Northeast",2001,42,88,884176,9.95,2,0,504,1
"Northeast",2001,43,102,881541,11.57,3,0,512,1
"Northeast",2001,44,114,866442,13.16,4,0,526,1
"Northeast",2001,45,93,833846,11.15,5,0,475,1
"Northeast",2001,46,88,837910,10.5,6,0,481,1
"Northeast",2001,47,99,798065,12.41,7,0,427,1
"Northeast",2001,48,84,776856,10.81,8,0,429,1
"Northeast",2001,49,100,753087,13.28,9,9,412,1
"Northeast",2001,50,83,737596,11.25,0,0,358,1
"Northeast",2001,51,73,739438,9.87,1,0,321,1
"Northeast",2001,52,69,713169,9.68,2,0,317,1
"Northeast",2001,53,95,717364,13.24,3,0,337,1
"Northeast",2001,54,74,759670,9.74,4,0,341,1
"Northeast",2001,55,54,563710,9.58,5,0,265,1
"Northeast",2001,56,55,555913,9.89,6,0,216,1
"Northeast",2001,57,52,551780,9.42,7,0,235,1
"Northeast",2001,58,70,586971,11.93,8,0,236,1
"Northeast",2001,59,51,504796,10.1,9,9,193,1
"Northeast",2001,60,35,463735,7.55,0,0,188,1
"Northeast",2001,61,40,454400,8.8,1,0,172,1
"Northeast",2001,62,36,431209,8.35,2,0,171,1
"Northeast",2001,63,44,425560,10.34,3,0,176,1
"Northeast",2001,64,41,400952,10.23,4,0,131,1
"South",2001,25,193,1323510,14.58,5,0,1004,2
"South",2001,26,196,1364974,14.36,6,0,1009,2
"South",2001,27,189,1335914,14.15,7,0,935,2
"South",2001,28,209,1375915,15.19,8,0,961,2
"South",2001,29,194,1441907,13.45,9,9,979,2
"South",2001,30,224,1520689,14.73,0,0,974,2
"South",2001,31,205,1530923,13.39,1,0,924,2
"South",2001,32,181,1453214,12.46,2,0,890,2
"South",2001,33,210,1426321,14.72,3,0,899,2
"South",2001,34,201,1432164,14.03,4,0,915,2
"South",2001,35,241,1482567,16.26,5,0,1071,2
"South",2001,36,247,1592654,15.51,6,0,1056,2
"South",2001,37,246,1627089,15.12,7,0,1166,2
"South",2001,38,251,1616960,15.52,8,0,1152,2
"South",2001,39,280,1616720,17.32,9,9,1226,2
"South",2001,40,265,1629104,16.27,0,0,1223,2
"South",2001,41,289,1657295,17.44,1,0,1208,2
"South",2001,42,278,1593066,17.45,2,0,1152,2
"South",2001,43,265,1591537,16.65,3,0,1148,2
"South",2001,44,256,1577256,16.23,4,0,1160,2
"South",2001,45,258,1514461,17.04,5,0,1150,2
"South",2001,46,257,1524861,16.85,6,0,1095,2
"South",2001,47,265,1464623,18.09,7,0,1025,2
"South",2001,48,252,1414552,17.81,8,0,954,2
"South",2001,49,229,1367985,16.74,9,9,925,2
"South",2001,50,228,1338279,17.04,0,0,886,2
"South",2001,51,205,1341644,15.28,1,0,846,2
"South",2001,52,217,1304269,16.64,2,0,825,2
"South",2001,53,211,1300156,16.23,3,0,742,2
"South",2001,54,192,1362413,14.09,4,0,751,2
"South",2001,55,170,1028174,16.53,5,0,602,2
"South",2001,56,145,1036142,13.99,6,0,537,2
"South",2001,57,164,1020687,16.07,7,0,579,2
"South",2001,58,165,1043176,15.82,8,0,596,2
"South",2001,59,120,932870,12.86,9,9,519,2
"South",2001,60,129,874852,14.75,0,0,498,2
"South",2001,61,120,856462,14.01,1,0,467,2
"South",2001,62,115,814848,14.11,2,0,461,2
"South",2001,63,107,803729,13.31,3,0,451,2
"South",2001,64,102,756870,13.48,4,0,401,2
"West",2001,25,115,894819,12.85,5,0,502,3
"West",2001,26,114,921549,12.37,6,0,501,3
"West",2001,27,123,894042,13.76,7,0,506,3
"West",2001,28,122,906258,13.46,8,0,477,3
"West",2001,29,128,940218,13.61,9,9,444,3
"West",2001,30,123,999120,12.31,0,0,493,3
"West",2001,31,129,1032905,12.49,1,0,458,3
"West",2001,32,133,967741,13.74,2,0,498,3
"West",2001,33,125,944250,13.24,3,0,478,3
"West",2001,34,119,930210,12.79,4,0,439,3
"West",2001,35,130,948602,13.7,5,0,495,3
"West",2001,36,133,1016149,13.09,6,0,543,3
"West",2001,37,136,1023415,13.29,7,0,540,3
"West",2001,38,144,1024846,14.05,8,0,607,3
"West",2001,39,157,1029791,15.25,9,9,592,3
"West",2001,40,172,1032047,16.67,0,0,587,3
"West",2001,41,154,1061519,14.51,1,0,610,3
"West",2001,42,165,999706,16.5,2,0,592,3
"West",2001,43,155,1005725,15.41,3,0,586,3
"West",2001,44,150,994368,15.08,4,0,623,3
"West",2001,45,139,959380,14.49,5,0,580,3
"West",2001,46,153,971472,15.75,6,0,546,3
"West",2001,47,156,930080,16.77,7,0,559,3
"West",2001,48,174,900034,19.33,8,0,573,3
"West",2001,49,159,863715,18.41,9,9,526,3
"West",2001,50,153,842828,18.15,0,0,484,3
"West",2001,51,142,851411,16.68,1,0,423,3
"West",2001,52,130,802152,16.21,2,0,428,3
"West",2001,53,111,790221,14.05,3,0,400,3
"West",2001,54,124,820664,15.11,4,0,415,3
"West",2001,55,109,626498,17.4,5,0,310,3
"West",2001,56,101,625218,16.15,6,0,307,3
"West",2001,57,101,601957,16.78,7,0,299,3
"West",2001,58,98,605836,16.18,8,0,305,3
"West",2001,59,86,536992,16.02,9,9,273,3
"West",2001,60,81,498964,16.23,0,0,243,3
"West",2001,61,53,489478,10.83,1,0,231,3
"West",2001,62,59,459777,12.83,2,0,228,3
"West",2001,63,58,448353,12.94,3,0,196,3
"West",2001,64,52,422619,12.3,4,0,195,3
"Midwest",2002,25,116,813397,14.26,5,0,503,4
"Midwest",2002,26,97,790307,12.27,6,0,480,4
"Midwest",2002,27,93,822838,11.3,7,0,462,4
"Midwest",2002,28,116,790435,14.68,8,0,443,4
"Midwest",2002,29,117,811290,14.42,9,9,503,4
"Midwest",2002,30,119,864968,13.76,0,0,477,4
"Midwest",2002,31,120,919561,13.05,1,0,493,4
"Midwest",2002,32,122,935454,13.04,2,0,464,4
"Midwest",2002,33,130,890525,14.6,3,0,518,4
"Midwest",2002,34,120,871051,13.78,4,0,447,4
"Midwest",2002,35,125,883446,14.15,5,0,465,4
"Midwest",2002,36,109,908276,12,6,0,506,4
"Midwest",2002,37,156,972754,16.04,7,0,499,4
"Midwest",2002,38,162,1001557,16.17,8,0,583,4
"Midwest",2002,39,166,1010570,16.43,9,9,591,4
"Midwest",2002,40,178,1024037,17.38,0,0,658,4
"Midwest",2002,41,179,1046567,17.1,1,0,645,4
"Midwest",2002,42,165,1063593,15.51,2,0,621,4
"Midwest",2002,43,151,1035071,14.59,3,0,626,4
"Midwest",2002,44,168,1039239,16.17,4,0,622,4
"Midwest",2002,45,162,1027061,15.77,5,0,670,4
"Midwest",2002,46,157,990551,15.85,6,0,600,4
"Midwest",2002,47,164,993607,16.51,7,0,602,4
"Midwest",2002,48,168,954506,17.6,8,0,581,4
"Midwest",2002,49,153,923694,16.56,9,9,544,4
"Midwest",2002,50,142,902520,15.73,0,0,500,4
"Midwest",2002,51,137,874212,15.67,1,0,471,4
"Midwest",2002,52,133,858760,15.49,2,0,431,4
"Midwest",2002,53,108,829636,13.02,3,0,418,4
"Midwest",2002,54,123,817848,15.04,4,0,408,4
"Midwest",2002,55,102,857724,11.89,5,0,371,4
"Midwest",2002,56,89,627992,14.17,6,0,307,4
"Midwest",2002,57,78,623166,12.52,7,0,266,4
"Midwest",2002,58,72,624943,11.52,8,0,276,4
"Midwest",2002,59,100,656719,15.23,9,9,306,4
"Midwest",2002,60,70,581899,12.03,0,0,267,4
"Midwest",2002,61,75,536925,13.97,1,0,228,4
"Midwest",2002,62,68,515787,13.18,2,0,255,4
"Midwest",2002,63,53,499110,10.62,3,0,243,4
"Midwest",2002,64,49,486480,10.07,4,0,231,4
"Northeast",2002,25,60,672497,8.92,5,0,334,1
"Northeast",2002,26,63,652207,9.66,6,0,356,1
"Northeast",2002,27,64,664218,9.64,7,0,297,1
"Northeast",2002,28,69,651642,10.59,8,0,323,1
"Northeast",2002,29,65,673715,9.65,9,9,289,1
"Northeast",2002,30,60,720877,8.32,0,0,320,1
"Northeast",2002,31,82,772105,10.62,1,0,344,1
"Northeast",2002,32,60,808861,7.42,2,0,319,1
"Northeast",2002,33,71,769827,9.22,3,0,342,1
"Northeast",2002,34,83,773737,10.73,4,0,348,1
"Northeast",2002,35,89,789052,11.28,5,0,359,1
"Northeast",2002,36,68,819483,8.3,6,0,404,1
"Northeast",2002,37,97,870678,11.14,7,0,398,1
"Northeast",2002,38,96,880229,10.91,8,0,428,1
"Northeast",2002,39,101,873832,11.56,9,9,437,1
"Northeast",2002,40,100,877366,11.4,0,0,433,1
"Northeast",2002,41,105,894484,11.74,1,0,470,1
"Northeast",2002,42,92,912730,10.08,2,0,396,1
"Northeast",2002,43,93,882143,10.54,3,0,458,1
"Northeast",2002,44,111,877810,12.65,4,0,436,1
"Northeast",2002,45,105,862328,12.18,5,0,411,1
"Northeast",2002,46,99,830786,11.92,6,0,415,1
"Northeast",2002,47,111,835021,13.29,7,0,399,1
"Northeast",2002,48,97,793558,12.22,8,0,373,1
"Northeast",2002,49,71,773490,9.18,9,9,302,1
"Northeast",2002,50,87,747924,11.63,0,0,337,1
"Northeast",2002,51,74,735070,10.07,1,0,313,1
"Northeast",2002,52,75,734736,10.21,2,0,271,1
"Northeast",2002,53,76,709138,10.72,3,0,280,1
"Northeast",2002,54,78,712296,10.95,4,0,260,1
"Northeast",2002,55,67,752085,8.91,5,0,257,1
"Northeast",2002,56,59,559331,10.55,6,0,209,1
"Northeast",2002,57,63,549650,11.46,7,0,184,1
"Northeast",2002,58,62,545366,11.37,8,0,189,1
"Northeast",2002,59,63,579460,10.87,9,9,203,1
"Northeast",2002,60,45,497204,9.05,0,0,161,1
"Northeast",2002,61,37,458016,8.08,1,0,158,1
"Northeast",2002,62,37,446927,8.28,2,0,152,1
"Northeast",2002,63,42,423689,9.91,3,0,162,1
"Northeast",2002,64,27,417977,6.46,4,0,124,1
"South",2002,25,179,1369213,13.07,5,0,1035,2
"South",2002,26,172,1327492,12.96,6,0,1026,2
"South",2002,27,201,1374226,14.63,7,0,1009,2
"South",2002,28,182,1340968,13.57,8,0,876,2
"South",2002,29,174,1375717,12.65,9,9,972,2
"South",2002,30,196,1457324,13.45,0,0,953,2
"South",2002,31,250,1525328,16.39,1,0,1075,2
"South",2002,32,171,1545355,11.07,2,0,950,2
"South",2002,33,214,1463531,14.62,3,0,949,2
"South",2002,34,194,1434257,13.53,4,0,969,2
"South",2002,35,206,1442638,14.28,5,0,1042,2
"South",2002,36,244,1490864,16.37,6,0,1023,2
"South",2002,37,244,1599002,15.26,7,0,1121,2
"South",2002,38,260,1633168,15.92,8,0,1222,2
"South",2002,39,297,1624488,18.28,9,9,1219,2
"South",2002,40,291,1620636,17.96,0,0,1228,2
"South",2002,41,289,1636354,17.66,1,0,1291,2
"South",2002,42,289,1661259,17.4,2,0,1243,2
"South",2002,43,301,1597889,18.84,3,0,1206,2
"South",2002,44,276,1591028,17.35,4,0,1203,2
"South",2002,45,268,1579141,16.97,5,0,1107,2
"South",2002,46,291,1519757,19.15,6,0,1172,2
"South",2002,47,264,1529482,17.26,7,0,1110,2
"South",2002,48,252,1466423,17.18,8,0,1029,2
"South",2002,49,246,1418112,17.35,9,9,993,2
"South",2002,50,223,1368445,16.3,0,0,881,2
"South",2002,51,237,1343970,17.63,1,0,886,2
"South",2002,52,190,1341822,14.16,2,0,811,2
"South",2002,53,193,1309111,14.74,3,0,770,2
"South",2002,54,204,1304784,15.63,4,0,766,2
"South",2002,55,204,1360202,15,5,0,752,2
"South",2002,56,174,1032148,16.86,6,0,618,2
"South",2002,57,169,1036656,16.3,7,0,573,2
"South",2002,58,163,1021815,15.95,8,0,575,2
"South",2002,59,147,1041540,14.11,9,9,546,2
"South",2002,60,130,927867,14.01,0,0,518,2
"South",2002,61,112,876795,12.77,1,0,458,2
"South",2002,62,120,855661,14.02,2,0,465,2
"South",2002,63,106,815255,13,3,0,473,2
"South",2002,64,96,797851,12.03,4,0,414,2
"West",2002,25,125,924062,13.53,5,0,544,3
"West",2002,26,110,899909,12.22,6,0,513,3
"West",2002,27,122,930431,13.11,7,0,506,3
"West",2002,28,150,898956,16.69,8,0,500,3
"West",2002,29,148,907820,16.3,9,9,491,3
"West",2002,30,131,950995,13.78,0,0,507,3
"West",2002,31,125,993919,12.58,1,0,498,3
"West",2002,32,116,1041307,11.14,2,0,523,3
"West",2002,33,126,971648,12.97,3,0,548,3
"West",2002,34,133,947676,14.03,4,0,529,3
"West",2002,35,120,935054,12.83,5,0,539,3
"West",2002,36,148,949775,15.58,6,0,540,3
"West",2002,37,142,1016955,13.96,7,0,594,3
"West",2002,38,165,1023894,16.11,8,0,652,3
"West",2002,39,146,1025503,14.24,9,9,686,3
"West",2002,40,163,1029873,15.83,0,0,676,3
"West",2002,41,207,1033441,20.03,1,0,726,3
"West",2002,42,169,1061614,15.92,2,0,750,3
"West",2002,43,190,1000419,18.99,3,0,734,3
"West",2002,44,193,1003878,19.23,4,0,696,3
"West",2002,45,192,992849,19.34,5,0,706,3
"West",2002,46,164,960007,17.08,6,0,693,3
"West",2002,47,180,972000,18.52,7,0,644,3
"West",2002,48,150,928843,16.15,8,0,665,3
"West",2002,49,179,901072,19.87,9,9,606,3
"West",2002,50,190,862120,22.04,0,0,618,3
"West",2002,51,166,843947,19.67,1,0,536,3
"West",2002,52,129,849870,15.18,2,0,519,3
"West",2002,53,131,802524,16.32,3,0,504,3
"West",2002,54,139,791173,17.57,4,0,493,3
"West",2002,55,126,818100,15.4,5,0,440,3
"West",2002,56,128,627241,20.41,6,0,368,3
"West",2002,57,102,624156,16.34,7,0,346,3
"West",2002,58,95,600708,15.81,8,0,339,3
"West",2002,59,123,604065,20.36,9,9,360,3
"West",2002,60,86,533765,16.11,0,0,296,3
"West",2002,61,76,498622,15.24,1,0,274,3
"West",2002,62,66,487781,13.53,2,0,255,3
"West",2002,63,73,457796,15.95,3,0,278,3
"West",2002,64,64,444858,14.39,4,0,246,3
"Midwest",2003,25,114,822097,13.87,5,0,510,4
"Midwest",2003,26,95,810041,11.73,6,0,467,4
"Midwest",2003,27,114,790126,14.43,7,0,440,4
"Midwest",2003,28,96,817997,11.74,8,0,416,4
"Midwest",2003,29,100,789169,12.67,9,9,414,4
"Midwest",2003,30,112,817676,13.7,0,0,450,4
"Midwest",2003,31,143,861072,16.61,1,0,476,4
"Midwest",2003,32,146,924776,15.79,2,0,497,4
"Midwest",2003,33,105,934001,11.24,3,0,435,4
"Midwest",2003,34,132,889678,14.84,4,0,435,4
"Midwest",2003,35,110,868405,12.67,5,0,421,4
"Midwest",2003,36,119,882934,13.48,6,0,422,4
"Midwest",2003,37,143,905152,15.8,7,0,504,4
"Midwest",2003,38,150,971211,15.44,8,0,515,4
"Midwest",2003,39,156,1000489,15.59,9,9,525,4
"Midwest",2003,40,140,1006326,13.91,0,0,556,4
"Midwest",2003,41,164,1022068,16.05,1,0,632,4
"Midwest",2003,42,172,1043805,16.48,2,0,622,4
"Midwest",2003,43,160,1061234,15.08,3,0,647,4
"Midwest",2003,44,165,1029116,16.03,4,0,590,4
"Midwest",2003,45,190,1032711,18.4,5,0,650,4
"Midwest",2003,46,143,1024196,13.96,6,0,605,4
"Midwest",2003,47,154,987215,15.6,7,0,576,4
"Midwest",2003,48,146,988311,14.77,8,0,573,4
"Midwest",2003,49,142,951470,14.92,9,9,516,4
"Midwest",2003,50,153,916435,16.7,0,0,502,4
"Midwest",2003,51,153,900470,16.99,1,0,485,4
"Midwest",2003,52,122,868215,14.05,2,0,452,4
"Midwest",2003,53,120,854594,14.04,3,0,401,4
"Midwest",2003,54,111,825277,13.45,4,0,416,4
"Midwest",2003,55,102,808347,12.62,5,0,366,4
"Midwest",2003,56,97,853398,11.37,6,0,384,4
"Midwest",2003,57,81,621561,13.03,7,0,299,4
"Midwest",2003,58,92,617605,14.9,8,0,285,4
"Midwest",2003,59,67,617414,10.85,9,9,256,4
"Midwest",2003,60,87,646013,13.47,0,0,286,4
"Midwest",2003,61,65,577349,11.26,1,0,254,4
"Midwest",2003,62,47,528978,8.89,2,0,237,4
"Midwest",2003,63,61,507124,12.03,3,0,237,4
"Midwest",2003,64,55,490878,11.2,4,0,200,4
"Northeast",2003,25,63,685112,9.2,5,0,364,1
"Northeast",2003,26,57,673257,8.47,6,0,344,1
"Northeast",2003,27,55,656785,8.37,7,0,328,1
"Northeast",2003,28,46,670553,6.86,8,0,274,1
"Northeast",2003,29,60,652316,9.2,9,9,336,1
"Northeast",2003,30,63,682510,9.23,0,0,296,1
"Northeast",2003,31,49,713746,6.87,1,0,302,1
"Northeast",2003,32,68,774228,8.78,2,0,316,1
"Northeast",2003,33,84,805590,10.43,3,0,368,1
"Northeast",2003,34,85,770479,11.03,4,0,350,1
"Northeast",2003,35,78,777882,10.03,5,0,360,1
"Northeast",2003,36,72,786340,9.16,6,0,357,1
"Northeast",2003,37,81,815790,9.93,7,0,379,1
"Northeast",2003,38,75,869401,8.63,8,0,406,1
"Northeast",2003,39,89,878399,10.13,9,9,419,1
"Northeast",2003,40,95,871653,10.9,0,0,431,1
"Northeast",2003,41,109,876421,12.44,1,0,426,1
"Northeast",2003,42,93,891350,10.43,2,0,439,1
"Northeast",2003,43,102,910400,11.2,3,0,467,1
"Northeast",2003,44,111,877708,12.65,4,0,445,1
"Northeast",2003,45,91,872717,10.43,5,0,413,1
"Northeast",2003,46,95,859510,11.05,6,0,422,1
"Northeast",2003,47,96,827847,11.6,7,0,437,1
"Northeast",2003,48,111,829634,13.38,8,0,453,1
"Northeast",2003,49,95,790215,12.02,9,9,383,1
"Northeast",2003,50,102,767264,13.29,0,0,385,1
"Northeast",2003,51,83,746453,11.12,1,0,319,1
"Northeast",2003,52,80,729567,10.97,2,0,274,1
"Northeast",2003,53,68,731288,9.3,3,0,300,1
"Northeast",2003,54,72,704775,10.22,4,0,285,1
"Northeast",2003,55,82,703399,11.66,5,0,265,1
"Northeast",2003,56,83,747501,11.1,6,0,254,1
"Northeast",2003,57,57,552741,10.31,7,0,208,1
"Northeast",2003,58,67,544126,12.31,8,0,218,1
"Northeast",2003,59,70,537381,13.03,9,9,201,1
"Northeast",2003,60,60,569672,10.53,0,0,209,1
"Northeast",2003,61,51,492496,10.36,1,0,186,1
"Northeast",2003,62,44,450253,9.77,2,0,161,1
"Northeast",2003,63,42,439074,9.57,3,0,166,1
"Northeast",2003,64,33,415865,7.94,4,0,138,1
"South",2003,25,165,1392383,11.85,5,0,1016,2
"South",2003,26,165,1364537,12.09,6,0,1013,2
"South",2003,27,167,1335700,12.5,7,0,999,2
"South",2003,28,197,1375150,14.33,8,0,1011,2
"South",2003,29,201,1337064,15.03,9,9,1010,2
"South",2003,30,211,1394191,15.13,0,0,941,2
"South",2003,31,203,1457843,13.92,1,0,993,2
"South",2003,32,231,1543461,14.97,2,0,1055,2
"South",2003,33,206,1553799,13.26,3,0,991,2
"South",2003,34,210,1469607,14.29,4,0,972,2
"South",2003,35,199,1444294,13.78,5,0,988,2
"South",2003,36,194,1449002,13.39,6,0,1034,2
"South",2003,37,245,1495957,16.38,7,0,1109,2
"South",2003,38,259,1605373,16.13,8,0,1179,2
"South",2003,39,246,1640166,15,9,9,1221,2
"South",2003,40,271,1627066,16.66,0,0,1206,2
"South",2003,41,277,1627614,17.02,1,0,1313,2
"South",2003,42,280,1640006,17.07,2,0,1266,2
"South",2003,43,299,1665876,17.95,3,0,1330,2
"South",2003,44,269,1594589,16.87,4,0,1304,2
"South",2003,45,265,1593110,16.63,5,0,1286,2
"South",2003,46,309,1585043,19.49,6,0,1267,2
"South",2003,47,262,1524629,17.18,7,0,1139,2
"South",2003,48,246,1530618,16.07,8,0,1092,2
"South",2003,49,277,1469763,18.85,9,9,1095,2
"South",2003,50,230,1416297,16.24,0,0,1013,2
"South",2003,51,253,1374995,18.4,1,0,974,2
"South",2003,52,220,1342911,16.38,2,0,909,2
"South",2003,53,233,1346759,17.3,3,0,877,2
"South",2003,54,220,1313329,16.75,4,0,820,2
"South",2003,55,184,1302439,14.13,5,0,773,2
"South",2003,56,211,1365065,15.46,6,0,788,2
"South",2003,57,154,1031400,14.93,7,0,614,2
"South",2003,58,179,1037142,17.26,8,0,620,2
"South",2003,59,173,1020604,16.95,9,9,660,2
"South",2003,60,152,1034362,14.7,0,0,590,2
"South",2003,61,139,931065,14.93,1,0,531,2
"South",2003,62,119,875898,13.59,2,0,490,2
"South",2003,63,101,857091,11.78,3,0,420,2
"South",2003,64,94,808346,11.63,4,0,449,2
"West",2003,25,108,942876,11.45,5,0,569,3
"West",2003,26,145,923875,15.69,6,0,580,3
"West",2003,27,112,906035,12.36,7,0,520,3
"West",2003,28,108,931138,11.6,8,0,483,3
"West",2003,29,108,895374,12.06,9,9,446,3
"West",2003,30,115,919159,12.51,0,0,458,3
"West",2003,31,134,941065,14.24,1,0,505,3
"West",2003,32,165,1002602,16.46,2,0,542,3
"West",2003,33,166,1043909,15.9,3,0,587,3
"West",2003,34,161,972818,16.55,4,0,583,3
"West",2003,35,152,952069,15.97,5,0,605,3
"West",2003,36,142,933686,15.21,6,0,546,3
"West",2003,37,140,948108,14.77,7,0,576,3
"West",2003,38,148,1016066,14.57,8,0,617,3
"West",2003,39,160,1023435,15.63,9,9,658,3
"West",2003,40,177,1024344,17.28,0,0,703,3
"West",2003,41,188,1030741,18.24,1,0,742,3
"West",2003,42,187,1031304,18.13,2,0,711,3
"West",2003,43,189,1061878,17.8,3,0,762,3
"West",2003,44,196,996548,19.67,4,0,743,3
"West",2003,45,178,1001433,17.77,5,0,676,3
"West",2003,46,168,993678,16.91,6,0,697,3
"West",2003,47,165,960792,17.17,7,0,688,3
"West",2003,48,169,969376,17.43,8,0,698,3
"West",2003,49,183,930408,19.67,9,9,709,3
"West",2003,50,168,898816,18.69,0,0,620,3
"West",2003,51,148,864226,17.13,1,0,626,3
"West",2003,52,169,841316,20.09,2,0,563,3
"West",2003,53,138,850749,16.22,3,0,514,3
"West",2003,54,153,803542,19.04,4,0,544,3
"West",2003,55,137,787506,17.4,5,0,502,3
"West",2003,56,142,819704,17.32,6,0,493,3
"West",2003,57,128,625894,20.45,7,0,397,3
"West",2003,58,115,622735,18.47,8,0,340,3
"West",2003,59,93,598595,15.54,9,9,329,3
"West",2003,60,83,599361,13.85,0,0,314,3
"West",2003,61,87,534049,16.29,1,0,296,3
"West",2003,62,82,497002,16.5,2,0,285,3
"West",2003,63,61,485854,12.56,3,0,248,3
"West",2003,64,66,453658,14.55,4,0,242,3
"Midwest",2004,25,118,850353,13.88,5,0,567,4
"Midwest",2004,26,97,817152,11.87,6,0,502,4
"Midwest",2004,27,96,810022,11.85,7,0,462,4
"Midwest",2004,28,110,784005,14.03,8,0,423,4
"Midwest",2004,29,109,816998,13.34,9,9,433,4
"Midwest",2004,30,127,797478,15.93,0,0,449,4
"Midwest",2004,31,128,812288,15.76,1,0,450,4
"Midwest",2004,32,120,867945,13.83,2,0,460,4
"Midwest",2004,33,145,923044,15.71,3,0,458,4
"Midwest",2004,34,129,932621,13.83,4,0,488,4
"Midwest",2004,35,131,886787,14.77,5,0,485,4
"Midwest",2004,36,113,868026,13.02,6,0,450,4
"Midwest",2004,37,146,879581,16.6,7,0,509,4
"Midwest",2004,38,127,904212,14.05,8,0,497,4
"Midwest",2004,39,142,970362,14.63,9,9,517,4
"Midwest",2004,40,170,996036,17.07,0,0,613,4
"Midwest",2004,41,167,1004828,16.62,1,0,623,4
"Midwest",2004,42,172,1019489,16.87,2,0,624,4
"Midwest",2004,43,174,1042353,16.69,3,0,651,4
"Midwest",2004,44,159,1054840,15.07,4,0,621,4
"Midwest",2004,45,152,1022489,14.87,5,0,664,4
"Midwest",2004,46,186,1031005,18.04,6,0,673,4
"Midwest",2004,47,169,1021544,16.54,7,0,627,4
"Midwest",2004,48,186,981973,18.94,8,0,623,4
"Midwest",2004,49,157,985652,15.93,9,9,590,4
"Midwest",2004,50,136,943071,14.42,0,0,578,4
"Midwest",2004,51,146,915954,15.94,1,0,539,4
"Midwest",2004,52,130,894179,14.54,2,0,485,4
"Midwest",2004,53,127,865016,14.68,3,0,456,4
"Midwest",2004,54,131,851504,15.38,4,0,422,4
"Midwest",2004,55,97,815453,11.9,5,0,388,4
"Midwest",2004,56,100,804462,12.43,6,0,351,4
"Midwest",2004,57,101,845333,11.95,7,0,398,4
"Midwest",2004,58,79,616401,12.82,8,0,289,4
"Midwest",2004,59,85,610523,13.92,9,9,282,4
"Midwest",2004,60,92,606241,15.18,0,0,292,4
"Midwest",2004,61,77,642236,11.99,1,0,277,4
"Midwest",2004,62,77,569281,13.53,2,0,268,4
"Midwest",2004,63,57,519964,10.96,3,0,245,4
"Midwest",2004,64,48,498969,9.62,4,0,222,4
"Northeast",2004,25,68,692918,9.81,5,0,374,1
"Northeast",2004,26,59,680600,8.67,6,0,327,1
"Northeast",2004,27,63,675030,9.33,7,0,334,1
"Northeast",2004,28,54,661050,8.17,8,0,275,1
"Northeast",2004,29,78,667635,11.68,9,9,331,1
"Northeast",2004,30,67,660726,10.14,0,0,261,1
"Northeast",2004,31,74,670717,11.03,1,0,302,1
"Northeast",2004,32,56,714461,7.84,2,0,276,1
"Northeast",2004,33,62,768397,8.07,3,0,305,1
"Northeast",2004,34,77,805347,9.56,4,0,336,1
"Northeast",2004,35,74,774553,9.55,5,0,397,1
"Northeast",2004,36,67,773150,8.67,6,0,322,1
"Northeast",2004,37,88,780679,11.27,7,0,329,1
"Northeast",2004,38,82,813224,10.08,8,0,386,1
"Northeast",2004,39,95,865795,10.97,9,9,373,1
"Northeast",2004,40,92,875263,10.51,0,0,389,1
"Northeast",2004,41,101,870143,11.61,1,0,426,1
"Northeast",2004,42,114,872443,13.07,2,0,449,1
"Northeast",2004,43,92,888071,10.36,3,0,449,1
"Northeast",2004,44,106,904328,11.72,4,0,438,1
"Northeast",2004,45,105,871344,12.05,5,0,427,1
"Northeast",2004,46,111,869942,12.76,6,0,438,1
"Northeast",2004,47,121,856234,14.13,7,0,454,1
"Northeast",2004,48,108,821417,13.15,8,0,433,1
"Northeast",2004,49,107,826548,12.95,9,9,374,1
"Northeast",2004,50,109,782502,13.93,0,0,346,1
"Northeast",2004,51,84,767138,10.95,1,0,336,1
"Northeast",2004,52,86,740049,11.62,2,0,314,1
"Northeast",2004,53,80,726054,11.02,3,0,269,1
"Northeast",2004,54,82,726868,11.28,4,0,279,1
"Northeast",2004,55,76,694569,10.94,5,0,260,1
"Northeast",2004,56,60,698051,8.6,6,0,232,1
"Northeast",2004,57,65,739223,8.79,7,0,263,1
"Northeast",2004,58,58,546248,10.62,8,0,232,1
"Northeast",2004,59,58,535745,10.83,9,9,205,1
"Northeast",2004,60,42,526051,7.98,0,0,192,1
"Northeast",2004,61,59,565450,10.43,1,0,214,1
"Northeast",2004,62,47,483732,9.72,2,0,178,1
"Northeast",2004,63,44,441184,9.97,3,0,158,1
"Northeast",2004,64,36,430988,8.35,4,0,148,1
"South",2004,25,202,1452699,13.91,5,0,1188,2
"South",2004,26,197,1397565,14.1,6,0,1152,2
"South",2004,27,171,1382254,12.37,7,0,1063,2
"South",2004,28,193,1344660,14.35,8,0,1013,2
"South",2004,29,182,1375498,13.23,9,9,1013,2
"South",2004,30,163,1367109,11.92,0,0,885,2
"South",2004,31,183,1399988,13.07,1,0,930,2
"South",2004,32,214,1486013,14.4,2,0,1089,2
"South",2004,33,226,1559576,14.49,3,0,1046,2
"South",2004,34,212,1564016,13.55,4,0,996,2
"South",2004,35,212,1485643,14.27,5,0,989,2
"South",2004,36,205,1455808,14.08,6,0,1005,2
"South",2004,37,220,1457799,15.09,7,0,1056,2
"South",2004,38,233,1508366,15.45,8,0,1093,2
"South",2004,39,261,1618892,16.12,9,9,1142,2
"South",2004,40,302,1645977,18.35,0,0,1220,2
"South",2004,41,284,1638661,17.33,1,0,1291,2
"South",2004,42,285,1633572,17.45,2,0,1302,2
"South",2004,43,268,1647514,16.27,3,0,1299,2
"South",2004,44,324,1662962,19.48,4,0,1268,2
"South",2004,45,292,1599258,18.26,5,0,1366,2
"South",2004,46,273,1602346,17.04,6,0,1282,2
"South",2004,47,291,1592387,18.27,7,0,1321,2
"South",2004,48,272,1526521,17.82,8,0,1189,2
"South",2004,49,271,1536043,17.64,9,9,1105,2
"South",2004,50,249,1468111,16.96,0,0,1089,2
"South",2004,51,238,1425249,16.7,1,0,1057,2
"South",2004,52,236,1373360,17.18,2,0,981,2
"South",2004,53,247,1349803,18.3,3,0,915,2
"South",2004,54,240,1352101,17.75,4,0,926,2
"South",2004,55,192,1309613,14.66,5,0,768,2
"South",2004,56,213,1311712,16.24,6,0,814,2
"South",2004,57,223,1362199,16.37,7,0,778,2
"South",2004,58,164,1033337,15.87,8,0,590,2
"South",2004,59,150,1035492,14.49,9,9,563,2
"South",2004,60,150,1013603,14.8,0,0,554,2
"South",2004,61,160,1040210,15.38,1,0,604,2
"South",2004,62,114,930244,12.25,2,0,495,2
"South",2004,63,122,880028,13.86,3,0,507,2
"South",2004,64,121,848473,14.26,4,0,516,2
"West",2004,25,116,985549,11.77,5,0,574,3
"West",2004,26,126,942908,13.36,6,0,605,3
"West",2004,27,138,934370,14.77,7,0,569,3
"West",2004,28,121,907780,13.33,8,0,511,3
"West",2004,29,114,928009,12.28,9,9,482,3
"West",2004,30,106,912627,11.61,0,0,481,3
"West",2004,31,117,907991,12.89,1,0,469,3
"West",2004,32,138,955369,14.44,2,0,514,3
"West",2004,33,154,1006377,15.3,3,0,538,3
"West",2004,34,164,1047411,15.66,4,0,583,3
"West",2004,35,146,980073,14.9,5,0,565,3
"West",2004,36,141,951596,14.82,6,0,553,3
"West",2004,37,144,933831,15.42,7,0,570,3
"West",2004,38,153,948225,16.14,8,0,605,3
"West",2004,39,168,1018047,16.5,9,9,618,3
"West",2004,40,162,1023653,15.83,0,0,659,3
"West",2004,41,156,1026744,15.19,1,0,651,3
"West",2004,42,187,1029515,18.16,2,0,735,3
"West",2004,43,188,1032182,18.21,3,0,706,3
"West",2004,44,187,1057052,17.69,4,0,714,3
"West",2004,45,202,993475,20.33,5,0,724,3
"West",2004,46,176,1002774,17.55,6,0,753,3
"West",2004,47,200,995031,20.1,7,0,747,3
"West",2004,48,177,957575,18.48,8,0,707,3
"West",2004,49,187,971704,19.24,9,9,675,3
"West",2004,50,209,927420,22.54,0,0,679,3
"West",2004,51,175,901721,19.41,1,0,634,3
"West",2004,52,164,860600,19.06,2,0,597,3
"West",2004,53,137,841999,16.27,3,0,577,3
"West",2004,54,157,851969,18.43,4,0,565,3
"West",2004,55,144,798366,18.04,5,0,507,3
"West",2004,56,130,789631,16.46,6,0,450,3
"West",2004,57,136,816947,16.65,7,0,483,3
"West",2004,58,112,623768,17.96,8,0,384,3
"West",2004,59,106,620103,17.09,9,9,330,3
"West",2004,60,116,593164,19.56,0,0,384,3
"West",2004,61,104,600706,17.31,1,0,354,3
"West",2004,62,69,532100,12.97,2,0,311,3
"West",2004,63,69,494377,13.96,3,0,241,3
"West",2004,64,58,481127,12.06,4,0,229,3
"Midwest",2005,25,117,899816,13,5,0,583,4
"Midwest",2005,26,110,843790,13.04,6,0,520,4
"Midwest",2005,27,114,817377,13.95,7,0,512,4
"Midwest",2005,28,105,802319,13.09,8,0,503,4
"Midwest",2005,29,97,783240,12.38,9,9,451,4
"Midwest",2005,30,111,828384,13.4,0,0,478,4
"Midwest",2005,31,122,790567,15.43,1,0,447,4
"Midwest",2005,32,135,819907,16.47,2,0,460,4
"Midwest",2005,33,109,864758,12.6,3,0,498,4
"Midwest",2005,34,135,921421,14.65,4,0,522,4
"Midwest",2005,35,134,927948,14.44,5,0,484,4
"Midwest",2005,36,123,885771,13.89,6,0,480,4
"Midwest",2005,37,136,863250,15.75,7,0,500,4
"Midwest",2005,38,140,878286,15.94,8,0,531,4
"Midwest",2005,39,152,903027,16.83,9,9,515,4
"Midwest",2005,40,167,964994,17.31,0,0,593,4
"Midwest",2005,41,185,994571,18.6,1,0,635,4
"Midwest",2005,42,157,1001778,15.67,2,0,630,4
"Midwest",2005,43,179,1017915,17.58,3,0,686,4
"Midwest",2005,44,173,1035077,16.71,4,0,689,4
"Midwest",2005,45,159,1047405,15.18,5,0,686,4
"Midwest",2005,46,179,1021342,17.53,6,0,657,4
"Midwest",2005,47,177,1028371,17.21,7,0,659,4
"Midwest",2005,48,163,1015810,16.05,8,0,653,4
"Midwest",2005,49,167,979900,17.04,9,9,664,4
"Midwest",2005,50,135,975871,13.83,0,0,579,4
"Midwest",2005,51,122,943806,12.93,1,0,537,4
"Midwest",2005,52,163,909065,17.93,2,0,553,4
"Midwest",2005,53,150,891058,16.83,3,0,532,4
"Midwest",2005,54,123,862120,14.27,4,0,445,4
"Midwest",2005,55,121,840764,14.39,5,0,431,4
"Midwest",2005,56,106,812597,13.04,6,0,392,4
"Midwest",2005,57,116,795800,14.58,7,0,394,4
"Midwest",2005,58,113,839844,13.45,8,0,388,4
"Midwest",2005,59,81,609644,13.29,9,9,272,4
"Midwest",2005,60,77,598833,12.86,0,0,293,4
"Midwest",2005,61,83,603667,13.75,1,0,288,4
"Midwest",2005,62,71,633588,11.21,2,0,299,4
"Midwest",2005,63,59,559471,10.55,3,0,275,4
"Midwest",2005,64,72,511993,14.06,4,0,256,4
"Northeast",2005,25,60,715064,8.39,5,0,350,1
"Northeast",2005,26,64,687300,9.31,6,0,382,1
"Northeast",2005,27,68,681342,9.98,7,0,348,1
"Northeast",2005,28,72,679807,10.59,8,0,335,1
"Northeast",2005,29,48,657149,7.3,9,9,289,1
"Northeast",2005,30,64,678522,9.43,0,0,294,1
"Northeast",2005,31,55,645963,8.51,1,0,294,1
"Northeast",2005,32,56,672075,8.33,2,0,290,1
"Northeast",2005,33,70,707869,9.89,3,0,347,1
"Northeast",2005,34,90,767737,11.72,4,0,341,1
"Northeast",2005,35,76,810787,9.37,5,0,323,1
"Northeast",2005,36,74,768315,9.63,6,0,342,1
"Northeast",2005,37,80,766404,10.44,7,0,384,1
"Northeast",2005,38,72,777597,9.26,8,0,347,1
"Northeast",2005,39,97,809050,11.99,9,9,397,1
"Northeast",2005,40,95,861098,11.03,0,0,396,1
"Northeast",2005,41,78,873072,8.93,1,0,411,1
"Northeast",2005,42,123,864812,14.22,2,0,501,1
"Northeast",2005,43,109,868648,12.55,3,0,430,1
"Northeast",2005,44,120,880184,13.63,4,0,476,1
"Northeast",2005,45,112,896424,12.49,5,0,449,1
"Northeast",2005,46,101,867836,11.64,6,0,422,1
"Northeast",2005,47,99,866388,11.43,7,0,440,1
"Northeast",2005,48,111,848483,13.08,8,0,440,1
"Northeast",2005,49,85,817501,10.4,9,9,388,1
"Northeast",2005,50,106,817190,12.97,0,0,400,1
"Northeast",2005,51,86,782809,10.99,1,0,392,1
"Northeast",2005,52,79,759661,10.4,2,0,336,1
"Northeast",2005,53,96,736414,13.04,3,0,342,1
"Northeast",2005,54,92,721054,12.76,4,0,331,1
"Northeast",2005,55,85,715347,11.88,5,0,320,1
"Northeast",2005,56,75,689738,10.87,6,0,260,1
"Northeast",2005,57,52,687589,7.56,7,0,248,1
"Northeast",2005,58,75,731727,10.25,8,0,279,1
"Northeast",2005,59,58,536933,10.8,9,9,210,1
"Northeast",2005,60,49,523804,9.35,0,0,184,1
"Northeast",2005,61,47,521628,9.01,1,0,183,1
"Northeast",2005,62,45,555111,8.11,2,0,190,1
"Northeast",2005,63,49,473322,10.35,3,0,186,1
"Northeast",2005,64,35,432277,8.1,4,0,171,1
"South",2005,25,225,1550084,14.52,5,0,1237,2
"South",2005,26,175,1450652,12.06,6,0,1192,2
"South",2005,27,189,1416379,13.34,7,0,1070,2
"South",2005,28,175,1387200,12.62,8,0,1072,2
"South",2005,29,157,1342865,11.69,9,9,943,2
"South",2005,30,189,1409968,13.4,0,0,1023,2
"South",2005,31,194,1369983,14.16,1,0,1015,2
"South",2005,32,216,1431250,15.09,2,0,1076,2
"South",2005,33,219,1503178,14.57,3,0,1058,2
"South",2005,34,234,1570533,14.9,4,0,1082,2
"South",2005,35,254,1582320,16.05,5,0,1091,2
"South",2005,36,172,1498028,11.48,6,0,981,2
"South",2005,37,216,1464296,14.75,7,0,1035,2
"South",2005,38,229,1470712,15.57,8,0,1073,2
"South",2005,39,235,1523187,15.43,9,9,1132,2
"South",2005,40,251,1626129,15.44,0,0,1190,2
"South",2005,41,290,1659740,17.47,1,0,1304,2
"South",2005,42,295,1646335,17.92,2,0,1323,2
"South",2005,43,263,1642634,16.01,3,0,1314,2
"South",2005,44,323,1644805,19.64,4,0,1376,2
"South",2005,45,311,1668906,18.63,5,0,1373,2
"South",2005,46,256,1612077,15.88,6,0,1315,2
"South",2005,47,306,1612395,18.98,7,0,1318,2
"South",2005,48,309,1594657,19.38,8,0,1252,2
"South",2005,49,271,1534359,17.66,9,9,1232,2
"South",2005,50,241,1534544,15.7,0,0,1139,2
"South",2005,51,274,1480755,18.5,1,0,1164,2
"South",2005,52,247,1423147,17.36,2,0,1038,2
"South",2005,53,247,1382513,17.87,3,0,1019,2
"South",2005,54,229,1357302,16.87,4,0,909,2
"South",2005,55,208,1347216,15.44,5,0,855,2
"South",2005,56,190,1321430,14.38,6,0,808,2
"South",2005,57,190,1311776,14.48,7,0,796,2
"South",2005,58,201,1363553,14.74,8,0,803,2
"South",2005,59,165,1032208,15.99,9,9,643,2
"South",2005,60,154,1027439,14.99,0,0,632,2
"South",2005,61,164,1024459,16.01,1,0,631,2
"South",2005,62,154,1040419,14.8,2,0,601,2
"South",2005,63,132,936669,14.09,3,0,578,2
"South",2005,64,119,870816,13.67,4,0,548,2
"West",2005,25,120,1041132,11.53,5,0,653,3
"West",2005,26,129,984980,13.1,6,0,636,3
"West",2005,27,131,954942,13.72,7,0,584,3
"West",2005,28,100,936200,10.68,8,0,539,3
"West",2005,29,121,903072,13.4,9,9,537,3
"West",2005,30,129,949707,13.58,0,0,498,3
"West",2005,31,107,899081,11.9,1,0,537,3
"West",2005,32,120,924806,12.98,2,0,508,3
"West",2005,33,136,959240,14.18,3,0,521,3
"West",2005,34,122,1008988,12.09,4,0,569,3
"West",2005,35,147,1056002,13.92,5,0,586,3
"West",2005,36,144,978387,14.72,6,0,584,3
"West",2005,37,119,950983,12.51,7,0,524,3
"West",2005,38,141,934013,15.1,8,0,567,3
"West",2005,39,152,950290,16,9,9,581,3
"West",2005,40,153,1018162,15.03,0,0,639,3
"West",2005,41,160,1026585,15.59,1,0,704,3
"West",2005,42,182,1024353,17.77,2,0,710,3
"West",2005,43,171,1030531,16.59,3,0,708,3
"West",2005,44,183,1025462,17.85,4,0,728,3
"West",2005,45,208,1053999,19.73,5,0,788,3
"West",2005,46,185,995550,18.58,6,0,738,3
"West",2005,47,205,1004541,20.41,7,0,803,3
"West",2005,48,179,990910,18.06,8,0,753,3
"West",2005,49,181,960317,18.85,9,9,741,3
"West",2005,50,167,967743,17.26,0,0,696,3
"West",2005,51,175,931224,18.79,1,0,648,3
"West",2005,52,183,897192,20.4,2,0,687,3
"West",2005,53,156,861921,18.1,3,0,642,3
"West",2005,54,156,843344,18.5,4,0,601,3
"West",2005,55,150,844920,17.75,5,0,563,3
"West",2005,56,130,801475,16.22,6,0,482,3
"West",2005,57,125,786843,15.89,7,0,475,3
"West",2005,58,138,813537,16.96,8,0,486,3
"West",2005,59,98,620279,15.8,9,9,353,3
"West",2005,60,110,613533,17.93,0,0,338,3
"West",2005,61,92,595385,15.45,1,0,344,3
"West",2005,62,86,597946,14.38,2,0,336,3
"West",2005,63,71,529350,13.41,3,0,297,3
"West",2005,64,64,488567,13.1,4,0,294,3
"Midwest",2006,25,122,903783,13.5,5,0,617,4
"Midwest",2006,26,130,892578,14.56,6,0,579,4
"Midwest",2006,27,121,845966,14.3,7,0,588,4
"Midwest",2006,28,101,809415,12.48,8,0,529,4
"Midwest",2006,29,122,803245,15.19,9,9,491,4
"Midwest",2006,30,111,796831,13.93,0,0,473,4
"Midwest",2006,31,110,820583,13.41,1,0,495,4
"Midwest",2006,32,99,800309,12.37,2,0,454,4
"Midwest",2006,33,113,816459,13.84,3,0,445,4
"Midwest",2006,34,131,863006,15.18,4,0,527,4
"Midwest",2006,35,166,917721,18.09,5,0,603,4
"Midwest",2006,36,146,927359,15.74,6,0,559,4
"Midwest",2006,37,150,881071,17.02,7,0,519,4
"Midwest",2006,38,132,862444,15.31,8,0,503,4
"Midwest",2006,39,160,877268,18.24,9,9,549,4
"Midwest",2006,40,130,897707,14.48,0,0,545,4
"Midwest",2006,41,165,964181,17.11,1,0,649,4
"Midwest",2006,42,159,992498,16.02,2,0,661,4
"Midwest",2006,43,156,1000528,15.59,3,0,666,4
"Midwest",2006,44,183,1010093,18.12,4,0,669,4
"Midwest",2006,45,193,1027336,18.79,5,0,735,4
"Midwest",2006,46,206,1047646,19.66,6,0,730,4
"Midwest",2006,47,189,1019564,18.54,7,0,702,4
"Midwest",2006,48,185,1023415,18.08,8,0,695,4
"Midwest",2006,49,189,1014992,18.62,9,9,682,4
"Midwest",2006,50,176,969686,18.15,0,0,684,4
"Midwest",2006,51,159,978331,16.25,1,0,614,4
"Midwest",2006,52,161,936684,17.19,2,0,610,4
"Midwest",2006,53,142,906839,15.66,3,0,542,4
"Midwest",2006,54,143,889243,16.08,4,0,504,4
"Midwest",2006,55,137,850806,16.1,5,0,479,4
"Midwest",2006,56,120,839053,14.3,6,0,483,4
"Midwest",2006,57,127,803926,15.8,7,0,463,4
"Midwest",2006,58,132,790654,16.7,8,0,428,4
"Midwest",2006,59,118,831912,14.18,9,9,387,4
"Midwest",2006,60,81,597844,13.55,0,0,300,4
"Midwest",2006,61,72,598452,12.03,1,0,288,4
"Midwest",2006,62,55,595604,9.23,2,0,274,4
"Midwest",2006,63,55,622395,8.84,3,0,278,4
"Midwest",2006,64,55,551356,9.98,4,0,260,4
"Northeast",2006,25,71,709967,10,5,0,424,1
"Northeast",2006,26,62,707936,8.76,6,0,400,1
"Northeast",2006,27,67,687853,9.74,7,0,430,1
"Northeast",2006,28,58,686467,8.45,8,0,357,1
"Northeast",2006,29,63,673367,9.36,9,9,351,1
"Northeast",2006,30,61,669493,9.11,0,0,333,1
"Northeast",2006,31,72,661403,10.89,1,0,326,1
"Northeast",2006,32,66,648228,10.18,2,0,316,1
"Northeast",2006,33,63,665838,9.46,3,0,298,1
"Northeast",2006,34,68,708554,9.6,4,0,330,1
"Northeast",2006,35,76,774840,9.81,5,0,385,1
"Northeast",2006,36,76,804446,9.45,6,0,362,1
"Northeast",2006,37,73,761819,9.58,7,0,370,1
"Northeast",2006,38,93,764535,12.16,8,0,383,1
"Northeast",2006,39,92,774508,11.88,9,9,409,1
"Northeast",2006,40,91,804282,11.31,0,0,425,1
"Northeast",2006,41,84,860358,9.76,1,0,420,1
"Northeast",2006,42,120,868804,13.81,2,0,521,1
"Northeast",2006,43,114,862078,13.22,3,0,493,1
"Northeast",2006,44,113,861548,13.12,4,0,499,1
"Northeast",2006,45,99,872685,11.34,5,0,455,1
"Northeast",2006,46,105,893994,11.75,6,0,488,1
"Northeast",2006,47,123,865171,14.22,7,0,494,1
"Northeast",2006,48,101,858882,11.76,8,0,489,1
"Northeast",2006,49,110,845894,13,9,9,483,1
"Northeast",2006,50,114,808127,14.11,0,0,443,1
"Northeast",2006,51,113,819830,13.78,1,0,441,1
"Northeast",2006,52,116,775412,14.96,2,0,409,1
"Northeast",2006,53,97,757873,12.8,3,0,353,1
"Northeast",2006,54,90,732630,12.28,4,0,348,1
"Northeast",2006,55,93,709271,13.11,5,0,323,1
"Northeast",2006,56,81,712712,11.37,6,0,302,1
"Northeast",2006,57,74,680719,10.87,7,0,265,1
"Northeast",2006,58,75,679782,11.03,8,0,271,1
"Northeast",2006,59,85,721619,11.78,9,9,295,1
"Northeast",2006,60,52,524638,9.91,0,0,210,1
"Northeast",2006,61,61,522050,11.68,1,0,203,1
"Northeast",2006,62,36,511346,7.04,2,0,198,1
"Northeast",2006,63,54,543567,9.93,3,0,215,1
"Northeast",2006,64,50,465067,10.75,4,0,205,1
"South",2006,25,228,1580215,14.43,5,0,1356,2
"South",2006,26,219,1546093,14.16,6,0,1321,2
"South",2006,27,181,1470655,12.31,7,0,1180,2
"South",2006,28,199,1421211,14,8,0,1075,2
"South",2006,29,171,1382120,12.37,9,9,1111,2
"South",2006,30,194,1383195,14.03,0,0,1037,2
"South",2006,31,189,1409303,13.41,1,0,1058,2
"South",2006,32,174,1402927,12.4,2,0,1002,2
"South",2006,33,188,1447103,12.99,3,0,1036,2
"South",2006,34,207,1513644,13.68,4,0,1027,2
"South",2006,35,242,1590866,15.21,5,0,1115,2
"South",2006,36,233,1593877,14.62,6,0,1055,2
"South",2006,37,235,1505737,15.61,7,0,1095,2
"South",2006,38,251,1477791,16.98,8,0,1140,2
"South",2006,39,246,1485671,16.56,9,9,1149,2
"South",2006,40,239,1531444,15.61,0,0,1146,2
"South",2006,41,264,1640838,16.09,1,0,1218,2
"South",2006,42,273,1666632,16.38,2,0,1342,2
"South",2006,43,282,1655909,17.03,3,0,1355,2
"South",2006,44,303,1637734,18.5,4,0,1407,2
"South",2006,45,275,1651209,16.65,5,0,1373,2
"South",2006,46,292,1682678,17.35,6,0,1367,2
"South",2006,47,304,1622566,18.74,7,0,1357,2
"South",2006,48,311,1613044,19.28,8,0,1395,2
"South",2006,49,285,1601939,17.79,9,9,1293,2
"South",2006,50,258,1530591,16.86,0,0,1190,2
"South",2006,51,301,1548406,19.44,1,0,1224,2
"South",2006,52,274,1476403,18.56,2,0,1141,2
"South",2006,53,274,1431717,19.14,3,0,1086,2
"South",2006,54,231,1388608,16.64,4,0,932,2
"South",2006,55,231,1349308,17.12,5,0,902,2
"South",2006,56,211,1359358,15.52,6,0,865,2
"South",2006,57,205,1318192,15.55,7,0,818,2
"South",2006,58,208,1314059,15.83,8,0,787,2
"South",2006,59,205,1357679,15.1,9,9,814,2
"South",2006,60,192,1021431,18.8,0,0,635,2
"South",2006,61,148,1038445,14.25,1,0,614,2
"South",2006,62,151,1025359,14.73,2,0,615,2
"South",2006,63,146,1048735,13.92,3,0,568,2
"South",2006,64,122,924085,13.2,4,0,499,2
"West",2006,25,147,1060678,13.86,5,0,683,3
"West",2006,26,109,1039718,10.48,6,0,639,3
"West",2006,27,143,1000024,14.3,7,0,648,3
"West",2006,28,124,957061,12.96,8,0,571,3
"West",2006,29,122,931659,13.09,9,9,532,3
"West",2006,30,119,929532,12.8,0,0,525,3
"West",2006,31,111,932976,11.9,1,0,522,3
"West",2006,32,93,921074,10.1,2,0,484,3
"West",2006,33,122,930765,13.11,3,0,504,3
"West",2006,34,134,963945,13.9,4,0,552,3
"West",2006,35,133,1019177,13.05,5,0,554,3
"West",2006,36,148,1054820,14.03,6,0,557,3
"West",2006,37,161,977946,16.46,7,0,603,3
"West",2006,38,141,951916,14.81,8,0,579,3
"West",2006,39,161,937421,17.17,9,9,634,3
"West",2006,40,156,951161,16.4,0,0,624,3
"West",2006,41,145,1022812,14.18,1,0,621,3
"West",2006,42,154,1024346,15.03,2,0,712,3
"West",2006,43,167,1026227,16.27,3,0,700,3
"West",2006,44,178,1023388,17.39,4,0,744,3
"West",2006,45,182,1022316,17.8,5,0,785,3
"West",2006,46,193,1057826,18.24,6,0,858,3
"West",2006,47,186,998841,18.62,7,0,766,3
"West",2006,48,173,1000001,17.3,8,0,751,3
"West",2006,49,192,995287,19.29,9,9,831,3
"West",2006,50,186,956500,19.45,0,0,746,3
"West",2006,51,180,973625,18.49,1,0,727,3
"West",2006,52,197,926357,21.27,2,0,729,3
"West",2006,53,173,899666,19.23,3,0,670,3
"West",2006,54,148,864345,17.12,4,0,617,3
"West",2006,55,167,835627,19.98,5,0,595,3
"West",2006,56,140,849776,16.47,6,0,546,3
"West",2006,57,126,799136,15.77,7,0,529,3
"West",2006,58,125,784164,15.94,8,0,498,3
"West",2006,59,132,809107,16.31,9,9,473,3
"West",2006,60,104,613179,16.96,0,0,353,3
"West",2006,61,100,617922,16.18,1,0,370,3
"West",2006,62,91,593342,15.34,2,0,326,3
"West",2006,63,90,595505,15.11,3,0,329,3
"West",2006,64,76,522931,14.53,4,0,289,3
"Midwest",2007,25,117,917158,12.76,5,0,563,4
"Midwest",2007,26,128,894286,14.31,6,0,555,4
"Midwest",2007,27,108,893079,12.09,7,0,591,4
"Midwest",2007,28,119,835661,14.24,8,0,519,4
"Midwest",2007,29,127,810682,15.67,9,9,497,4
"Midwest",2007,30,95,820375,11.58,0,0,475,4
"Midwest",2007,31,106,787238,13.46,1,0,470,4
"Midwest",2007,32,111,832176,13.34,2,0,483,4
"Midwest",2007,33,100,795972,12.56,3,0,453,4
"Midwest",2007,34,127,813995,15.6,4,0,511,4
"Midwest",2007,35,123,858109,14.33,5,0,514,4
"Midwest",2007,36,124,917015,13.52,6,0,513,4
"Midwest",2007,37,140,921022,15.2,7,0,507,4
"Midwest",2007,38,142,880445,16.13,8,0,543,4
"Midwest",2007,39,136,861232,15.79,9,9,501,4
"Midwest",2007,40,140,871395,16.07,0,0,524,4
"Midwest",2007,41,149,896888,16.61,1,0,570,4
"Midwest",2007,42,162,961741,16.84,2,0,591,4
"Midwest",2007,43,160,991769,16.13,3,0,674,4
"Midwest",2007,44,198,992215,19.96,4,0,706,4
"Midwest",2007,45,204,1002234,20.35,5,0,701,4
"Midwest",2007,46,168,1028005,16.34,6,0,733,4
"Midwest",2007,47,188,1046308,17.97,7,0,718,4
"Midwest",2007,48,188,1014195,18.54,8,0,690,4
"Midwest",2007,49,172,1023534,16.8,9,9,674,4
"Midwest",2007,50,154,1003571,15.35,0,0,637,4
"Midwest",2007,51,156,973873,16.02,1,0,596,4
"Midwest",2007,52,177,970955,18.23,2,0,636,4
"Midwest",2007,53,166,935524,17.74,3,0,617,4
"Midwest",2007,54,156,905549,17.23,4,0,560,4
"Midwest",2007,55,156,876676,17.79,5,0,544,4
"Midwest",2007,56,114,850479,13.4,6,0,480,4
"Midwest",2007,57,134,830250,16.14,7,0,460,4
"Midwest",2007,58,111,799830,13.88,8,0,417,4
"Midwest",2007,59,105,782239,13.42,9,9,376,4
"Midwest",2007,60,107,815930,13.11,0,0,386,4
"Midwest",2007,61,81,599251,13.52,1,0,322,4
"Midwest",2007,62,59,591204,9.98,2,0,279,4
"Midwest",2007,63,71,584836,12.14,3,0,277,4
"Midwest",2007,64,93,614108,15.14,4,0,321,4
"Northeast",2007,25,83,713094,11.64,5,0,413,1
"Northeast",2007,26,81,703732,11.51,6,0,401,1
"Northeast",2007,27,52,710766,7.32,7,0,366,1
"Northeast",2007,28,68,695618,9.78,8,0,396,1
"Northeast",2007,29,76,679904,11.18,9,9,327,1
"Northeast",2007,30,58,688549,8.42,0,0,326,1
"Northeast",2007,31,56,650144,8.61,1,0,299,1
"Northeast",2007,32,62,665098,9.32,2,0,311,1
"Northeast",2007,33,72,642243,11.21,3,0,303,1
"Northeast",2007,34,77,667520,11.54,4,0,316,1
"Northeast",2007,35,93,717774,12.96,5,0,332,1
"Northeast",2007,36,78,768260,10.15,6,0,365,1
"Northeast",2007,37,76,797824,9.53,7,0,370,1
"Northeast",2007,38,96,759951,12.63,8,0,384,1
"Northeast",2007,39,78,761839,10.24,9,9,369,1
"Northeast",2007,40,106,770315,13.76,0,0,430,1
"Northeast",2007,41,109,804168,13.55,1,0,414,1
"Northeast",2007,42,110,856274,12.85,2,0,438,1
"Northeast",2007,43,94,866683,10.85,3,0,431,1
"Northeast",2007,44,131,854737,15.33,4,0,478,1
"Northeast",2007,45,99,854239,11.59,5,0,466,1
"Northeast",2007,46,109,871259,12.51,6,0,476,1
"Northeast",2007,47,103,892268,11.54,7,0,457,1
"Northeast",2007,48,108,857643,12.59,8,0,493,1
"Northeast",2007,49,118,856806,13.77,9,9,452,1
"Northeast",2007,50,111,835871,13.28,0,0,431,1
"Northeast",2007,51,104,812171,12.81,1,0,453,1
"Northeast",2007,52,114,812208,14.04,2,0,455,1
"Northeast",2007,53,110,774026,14.21,3,0,419,1
"Northeast",2007,54,92,754930,12.19,4,0,390,1
"Northeast",2007,55,91,720782,12.63,5,0,330,1
"Northeast",2007,56,88,707152,12.44,6,0,307,1
"Northeast",2007,57,85,703572,12.08,7,0,327,1
"Northeast",2007,58,70,674200,10.38,8,0,302,1
"Northeast",2007,59,90,668988,13.45,9,9,293,1
"Northeast",2007,60,97,706465,13.73,0,0,316,1
"Northeast",2007,61,51,524333,9.73,1,0,200,1
"Northeast",2007,62,49,513285,9.55,2,0,186,1
"Northeast",2007,63,53,499840,10.6,3,0,203,1
"Northeast",2007,64,52,535581,9.71,4,0,200,1
"South",2007,25,214,1561590,13.7,5,0,1327,2
"South",2007,26,196,1572516,12.46,6,0,1287,2
"South",2007,27,208,1568557,13.26,7,0,1266,2
"South",2007,28,191,1472673,12.97,8,0,1193,2
"South",2007,29,192,1412917,13.59,9,9,1199,2
"South",2007,30,210,1426506,14.72,0,0,1154,2
"South",2007,31,195,1380233,14.13,1,0,1063,2
"South",2007,32,242,1445744,16.74,2,0,1078,2
"South",2007,33,217,1417787,15.31,3,0,1000,2
"South",2007,34,228,1456453,15.65,4,0,1059,2
"South",2007,35,234,1534576,15.25,5,0,1165,2
"South",2007,36,275,1602948,17.16,6,0,1161,2
"South",2007,37,243,1599628,15.19,7,0,1195,2
"South",2007,38,224,1519853,14.74,8,0,1094,2
"South",2007,39,214,1492886,14.33,9,9,1060,2
"South",2007,40,270,1492087,18.1,0,0,1171,2
"South",2007,41,285,1547254,18.42,1,0,1247,2
"South",2007,42,267,1648567,16.2,2,0,1270,2
"South",2007,43,331,1676466,19.74,3,0,1382,2
"South",2007,44,307,1648627,18.62,4,0,1397,2
"South",2007,45,283,1644130,17.21,5,0,1401,2
"South",2007,46,324,1667078,19.44,6,0,1397,2
"South",2007,47,325,1694323,19.18,7,0,1459,2
"South",2007,48,348,1623004,21.44,8,0,1346,2
"South",2007,49,303,1621403,18.69,9,9,1352,2
"South",2007,50,256,1597444,16.03,0,0,1260,2
"South",2007,51,281,1546831,18.17,1,0,1278,2
"South",2007,52,295,1542619,19.12,2,0,1186,2
"South",2007,53,258,1487323,17.35,3,0,1123,2
"South",2007,54,267,1438788,18.56,4,0,1076,2
"South",2007,55,235,1377528,17.06,5,0,993,2
"South",2007,56,248,1363768,18.18,6,0,911,2
"South",2007,57,221,1354596,16.31,7,0,924,2
"South",2007,58,198,1319575,15,8,0,838,2
"South",2007,59,190,1309722,14.51,9,9,802,2
"South",2007,60,233,1339307,17.4,0,0,831,2
"South",2007,61,163,1034184,15.76,1,0,627,2
"South",2007,62,156,1038115,15.03,2,0,594,2
"South",2007,63,137,1035746,13.23,3,0,589,2
"South",2007,64,161,1032128,15.6,4,0,616,2
"West",2007,25,151,1053730,14.33,5,0,672,3
"West",2007,26,147,1052316,13.97,6,0,671,3
"West",2007,27,135,1051993,12.83,7,0,641,3
"West",2007,28,137,995847,13.76,8,0,588,3
"West",2007,29,143,946579,15.11,9,9,566,3
"West",2007,30,137,959097,14.28,0,0,564,3
"West",2007,31,122,906997,13.45,1,0,520,3
"West",2007,32,127,956445,13.28,2,0,506,3
"West",2007,33,122,924925,13.19,3,0,525,3
"West",2007,34,141,933268,15.11,4,0,563,3
"West",2007,35,124,973274,12.74,5,0,518,3
"West",2007,36,156,1014355,15.38,6,0,597,3
"West",2007,37,150,1052059,14.26,7,0,606,3
"West",2007,38,158,976742,16.18,8,0,591,3
"West",2007,39,158,954099,16.56,9,9,604,3
"West",2007,40,175,937544,18.67,0,0,629,3
"West",2007,41,152,953950,15.93,1,0,601,3
"West",2007,42,174,1018850,17.08,2,0,680,3
"West",2007,43,191,1025587,18.62,3,0,739,3
"West",2007,44,189,1017222,18.58,4,0,691,3
"West",2007,45,203,1019189,19.92,5,0,803,3
"West",2007,46,216,1025590,21.06,6,0,823,3
"West",2007,47,207,1061297,19.5,7,0,821,3
"West",2007,48,181,992811,18.23,8,0,789,3
"West",2007,49,204,1004445,20.31,9,9,793,3
"West",2007,50,223,989593,22.53,0,0,821,3
"West",2007,51,211,962058,21.93,1,0,800,3
"West",2007,52,219,966838,22.65,2,0,821,3
"West",2007,53,191,928105,20.58,3,0,740,3
"West",2007,54,186,901901,20.62,4,0,655,3
"West",2007,55,195,854715,22.81,5,0,650,3
"West",2007,56,158,839985,18.81,6,0,592,3
"West",2007,57,151,846465,17.84,7,0,538,3
"West",2007,58,175,795348,22,8,0,517,3
"West",2007,59,147,778902,18.87,9,9,469,3
"West",2007,60,149,797752,18.68,0,0,483,3
"West",2007,61,120,618034,19.42,1,0,385,3
"West",2007,62,88,615314,14.3,2,0,313,3
"West",2007,63,92,590903,15.57,3,0,343,3
"West",2007,64,95,587346,16.17,4,0,325,3
"Midwest",2008,25,115,890730,12.91,5,0,559,4
"Midwest",2008,26,106,906243,11.7,6,0,541,4
"Midwest",2008,27,117,894569,13.08,7,0,552,4
"Midwest",2008,28,133,880625,15.1,8,0,590,4
"Midwest",2008,29,138,837399,16.48,9,9,552,4
"Midwest",2008,30,119,828893,14.36,0,0,512,4
"Midwest",2008,31,123,809486,15.19,1,0,497,4
"Midwest",2008,32,120,799468,15.01,2,0,489,4
"Midwest",2008,33,124,826541,15,3,0,470,4
"Midwest",2008,34,125,793227,15.76,4,0,453,4
"Midwest",2008,35,122,808765,15.08,5,0,490,4
"Midwest",2008,36,125,856319,14.6,6,0,475,4
"Midwest",2008,37,139,910137,15.27,7,0,544,4
"Midwest",2008,38,167,919229,18.17,8,0,564,4
"Midwest",2008,39,169,878903,19.23,9,9,519,4
"Midwest",2008,40,145,854402,16.97,0,0,572,4
"Midwest",2008,41,155,870509,17.81,1,0,588,4
"Midwest",2008,42,159,894565,17.77,2,0,560,4
"Midwest",2008,43,179,960769,18.63,3,0,648,4
"Midwest",2008,44,200,982090,20.36,4,0,703,4
"Midwest",2008,45,170,984113,17.27,5,0,701,4
"Midwest",2008,46,169,1003470,16.84,6,0,704,4
"Midwest",2008,47,197,1027163,19.18,7,0,710,4
"Midwest",2008,48,188,1040906,18.06,8,0,691,4
"Midwest",2008,49,199,1014581,19.61,9,9,729,4
"Midwest",2008,50,201,1011179,19.88,0,0,687,4
"Midwest",2008,51,164,1008742,16.26,1,0,632,4
"Midwest",2008,52,165,966029,17.08,2,0,641,4
"Midwest",2008,53,143,970218,14.74,3,0,590,4
"Midwest",2008,54,158,934930,16.9,4,0,550,4
"Midwest",2008,55,152,891963,17.04,5,0,558,4
"Midwest",2008,56,142,877488,16.18,6,0,532,4
"Midwest",2008,57,110,841322,13.07,7,0,470,4
"Midwest",2008,58,117,826873,14.15,8,0,461,4
"Midwest",2008,59,118,792296,14.89,9,9,404,4
"Midwest",2008,60,123,765379,16.07,0,0,438,4
"Midwest",2008,61,89,820448,10.85,1,0,359,4
"Midwest",2008,62,87,592129,14.69,2,0,324,4
"Midwest",2008,63,70,580620,12.06,3,0,294,4
"Midwest",2008,64,85,576947,14.73,4,0,284,4
"Northeast",2008,25,87,736802,11.81,5,0,428,1
"Northeast",2008,26,71,706899,10.04,6,0,394,1
"Northeast",2008,27,69,708202,9.74,7,0,369,1
"Northeast",2008,28,61,721053,8.46,8,0,350,1
"Northeast",2008,29,74,689635,10.73,9,9,361,1
"Northeast",2008,30,72,698864,10.3,0,0,350,1
"Northeast",2008,31,57,667482,8.54,1,0,310,1
"Northeast",2008,32,63,656557,9.6,2,0,307,1
"Northeast",2008,33,74,659617,11.22,3,0,320,1
"Northeast",2008,34,51,645933,7.9,4,0,272,1
"Northeast",2008,35,89,679568,13.1,5,0,343,1
"Northeast",2008,36,70,712966,9.82,6,0,310,1
"Northeast",2008,37,91,762545,11.93,7,0,390,1
"Northeast",2008,38,97,798165,12.15,8,0,390,1
"Northeast",2008,39,86,759033,11.33,9,9,352,1
"Northeast",2008,40,92,759221,12.12,0,0,346,1
"Northeast",2008,41,102,771781,13.22,1,0,393,1
"Northeast",2008,42,115,801893,14.34,2,0,416,1
"Northeast",2008,43,117,856025,13.67,3,0,453,1
"Northeast",2008,44,129,860618,14.99,4,0,498,1
"Northeast",2008,45,123,848060,14.5,5,0,465,1
"Northeast",2008,46,123,854879,14.39,6,0,468,1
"Northeast",2008,47,125,871001,14.35,7,0,502,1
"Northeast",2008,48,141,885453,15.92,8,0,505,1
"Northeast",2008,49,124,857674,14.46,9,9,529,1
"Northeast",2008,50,123,847459,14.51,0,0,469,1
"Northeast",2008,51,128,843146,15.18,1,0,451,1
"Northeast",2008,52,117,805550,14.52,2,0,471,1
"Northeast",2008,53,125,813423,15.37,3,0,442,1
"Northeast",2008,54,110,772917,14.23,4,0,403,1
"Northeast",2008,55,105,743525,14.12,5,0,385,1
"Northeast",2008,56,103,720959,14.29,6,0,398,1
"Northeast",2008,57,80,699374,11.44,7,0,290,1
"Northeast",2008,58,75,698752,10.73,8,0,300,1
"Northeast",2008,59,82,664490,12.34,9,9,301,1
"Northeast",2008,60,66,653450,10.1,0,0,253,1
"Northeast",2008,61,74,710877,10.41,1,0,262,1
"Northeast",2008,62,47,516831,9.09,2,0,196,1
"Northeast",2008,63,46,503342,9.14,3,0,181,1
"Northeast",2008,64,48,492134,9.75,4,0,208,1
"South",2008,25,233,1569945,14.84,5,0,1301,2
"South",2008,26,208,1547042,13.45,6,0,1227,2
"South",2008,27,217,1594984,13.61,7,0,1213,2
"South",2008,28,226,1566267,14.43,8,0,1245,2
"South",2008,29,191,1457104,13.11,9,9,1172,2
"South",2008,30,218,1462676,14.9,0,0,1131,2
"South",2008,31,229,1417041,16.16,1,0,1044,2
"South",2008,32,191,1417756,13.47,2,0,1009,2
"South",2008,33,215,1458649,14.74,3,0,974,2
"South",2008,34,212,1422752,14.9,4,0,994,2
"South",2008,35,239,1474858,16.2,5,0,1033,2
"South",2008,36,214,1544044,13.86,6,0,1058,2
"South",2008,37,272,1606713,16.93,7,0,1149,2
"South",2008,38,256,1612187,15.88,8,0,1091,2
"South",2008,39,202,1533742,13.17,9,9,1037,2
"South",2008,40,263,1497112,17.57,0,0,1077,2
"South",2008,41,259,1505780,17.2,1,0,1142,2
"South",2008,42,246,1552693,15.84,2,0,1160,2
"South",2008,43,304,1657500,18.34,3,0,1292,2
"South",2008,44,316,1665865,18.97,4,0,1351,2
"South",2008,45,327,1653933,19.77,5,0,1387,2
"South",2008,46,303,1659845,18.25,6,0,1479,2
"South",2008,47,353,1678543,21.03,7,0,1451,2
"South",2008,48,317,1692417,18.73,8,0,1343,2
"South",2008,49,320,1630522,19.63,9,9,1343,2
"South",2008,50,339,1614024,21,0,0,1355,2
"South",2008,51,304,1614835,18.83,1,0,1302,2
"South",2008,52,297,1538344,19.31,2,0,1242,2
"South",2008,53,284,1553375,18.28,3,0,1151,2
"South",2008,54,296,1493814,19.82,4,0,1102,2
"South",2008,55,285,1423669,20.02,5,0,1064,2
"South",2008,56,243,1392087,17.46,6,0,989,2
"South",2008,57,259,1356402,19.09,7,0,909,2
"South",2008,58,218,1354274,16.1,8,0,832,2
"South",2008,59,232,1312226,17.68,9,9,828,2
"South",2008,60,220,1290552,17.05,0,0,810,2
"South",2008,61,208,1357089,15.33,1,0,789,2
"South",2008,62,170,1032774,16.46,2,0,634,2
"South",2008,63,156,1048098,14.88,3,0,634,2
"South",2008,64,152,1017557,14.94,4,0,557,2
"West",2008,25,144,1048733,13.73,5,0,613,3
"West",2008,26,133,1046399,12.71,6,0,607,3
"West",2008,27,132,1067410,12.37,7,0,614,3
"West",2008,28,131,1047675,12.5,8,0,556,3
"West",2008,29,129,984952,13.1,9,9,570,3
"West",2008,30,117,979758,11.94,0,0,526,3
"West",2008,31,134,934085,14.35,1,0,505,3
"West",2008,32,110,933980,11.78,2,0,474,3
"West",2008,33,130,962446,13.51,3,0,517,3
"West",2008,34,101,929594,10.86,4,0,463,3
"West",2008,35,133,944850,14.08,5,0,513,3
"West",2008,36,143,970490,14.73,6,0,520,3
"West",2008,37,166,1012278,16.4,7,0,570,3
"West",2008,38,151,1052576,14.35,8,0,571,3
"West",2008,39,184,980095,18.77,9,9,634,3
"West",2008,40,136,954975,14.24,0,0,552,3
"West",2008,41,164,942021,17.41,1,0,608,3
"West",2008,42,167,950312,17.57,2,0,635,3
"West",2008,43,158,1020924,15.48,3,0,612,3
"West",2008,44,182,1015968,17.91,4,0,690,3
"West",2008,45,210,1013145,20.73,5,0,743,3
"West",2008,46,219,1023290,21.4,6,0,804,3
"West",2008,47,218,1029416,21.18,7,0,797,3
"West",2008,48,224,1054179,21.25,8,0,802,3
"West",2008,49,215,998383,21.53,9,9,832,3
"West",2008,50,201,998466,20.13,0,0,774,3
"West",2008,51,233,997283,23.36,1,0,816,3
"West",2008,52,212,954676,22.21,2,0,760,3
"West",2008,53,208,969793,21.45,3,0,700,3
"West",2008,54,214,931271,22.98,4,0,726,3
"West",2008,55,186,890367,20.89,5,0,664,3
"West",2008,56,197,860170,22.9,6,0,645,3
"West",2008,57,186,836103,22.25,7,0,582,3
"West",2008,58,165,842528,19.58,8,0,523,3
"West",2008,59,157,789700,19.88,9,9,509,3
"West",2008,60,128,767164,16.68,0,0,485,3
"West",2008,61,153,806573,18.97,1,0,492,3
"West",2008,62,112,615591,18.19,2,0,377,3
"West",2008,63,123,612803,20.07,3,0,372,3
"West",2008,64,96,582137,16.49,4,0,332,3
"Midwest",2009,25,117,875829,13.36,5,0,515,4
"Midwest",2009,26,120,877570,13.67,6,0,553,4
"Midwest",2009,27,118,907066,13.01,7,0,527,4
"Midwest",2009,28,117,880486,13.29,8,0,491,4
"Midwest",2009,29,110,883462,12.45,9,9,530,4
"Midwest",2009,30,111,860408,12.9,0,0,492,4
"Midwest",2009,31,98,816584,12,1,0,463,4
"Midwest",2009,32,117,824335,14.19,2,0,500,4
"Midwest",2009,33,107,793147,13.49,3,0,450,4
"Midwest",2009,34,128,823590,15.54,4,0,444,4
"Midwest",2009,35,113,787914,14.34,5,0,443,4
"Midwest",2009,36,146,807869,18.07,6,0,503,4
"Midwest",2009,37,135,849290,15.9,7,0,520,4
"Midwest",2009,38,150,909319,16.5,8,0,532,4
"Midwest",2009,39,138,917555,15.04,9,9,510,4
"Midwest",2009,40,151,871658,17.32,0,0,520,4
"Midwest",2009,41,144,854088,16.86,1,0,529,4
"Midwest",2009,42,133,868815,15.31,2,0,515,4
"Midwest",2009,43,143,894527,15.99,3,0,570,4
"Midwest",2009,44,173,951227,18.19,4,0,645,4
"Midwest",2009,45,160,973825,16.43,5,0,625,4
"Midwest",2009,46,211,986670,21.39,6,0,710,4
"Midwest",2009,47,187,1003138,18.64,7,0,718,4
"Midwest",2009,48,165,1021702,16.15,8,0,637,4
"Midwest",2009,49,169,1042403,16.21,9,9,673,4
"Midwest",2009,50,177,1002029,17.66,0,0,655,4
"Midwest",2009,51,187,1018523,18.36,1,0,687,4
"Midwest",2009,52,199,1000910,19.88,2,0,662,4
"Midwest",2009,53,175,965897,18.12,3,0,635,4
"Midwest",2009,54,158,970709,16.28,4,0,556,4
"Midwest",2009,55,150,920286,16.3,5,0,547,4
"Midwest",2009,56,148,893713,16.56,6,0,521,4
"Midwest",2009,57,137,867980,15.78,7,0,483,4
"Midwest",2009,58,128,838338,15.27,8,0,431,4
"Midwest",2009,59,123,819100,15.02,9,9,417,4
"Midwest",2009,60,96,774187,12.4,0,0,399,4
"Midwest",2009,61,105,770747,13.62,1,0,399,4
"Midwest",2009,62,80,811747,9.86,2,0,332,4
"Midwest",2009,63,66,581361,11.35,3,0,264,4
"Midwest",2009,64,59,572679,10.3,4,0,270,4
"Northeast",2009,25,61,723567,8.43,5,0,358,1
"Northeast",2009,26,61,728595,8.37,6,0,377,1
"Northeast",2009,27,63,711793,8.85,7,0,350,1
"Northeast",2009,28,63,719583,8.76,8,0,372,1
"Northeast",2009,29,57,713877,7.98,9,9,363,1
"Northeast",2009,30,71,711369,9.98,0,0,312,1
"Northeast",2009,31,60,674238,8.9,1,0,280,1
"Northeast",2009,32,69,674393,10.23,2,0,308,1
"Northeast",2009,33,59,651148,9.06,3,0,299,1
"Northeast",2009,34,71,664779,10.68,4,0,265,1
"Northeast",2009,35,68,659746,10.31,5,0,268,1
"Northeast",2009,36,83,674998,12.3,6,0,275,1
"Northeast",2009,37,78,708174,11.01,7,0,330,1
"Northeast",2009,38,86,763768,11.26,8,0,326,1
"Northeast",2009,39,106,797714,13.29,9,9,372,1
"Northeast",2009,40,93,756527,12.29,0,0,359,1
"Northeast",2009,41,86,761908,11.29,1,0,343,1
"Northeast",2009,42,105,770451,13.63,2,0,399,1
"Northeast",2009,43,109,802287,13.59,3,0,386,1
"Northeast",2009,44,112,849792,13.18,4,0,422,1
"Northeast",2009,45,117,854456,13.69,5,0,412,1
"Northeast",2009,46,119,849536,14.01,6,0,485,1
"Northeast",2009,47,127,855803,14.84,7,0,454,1
"Northeast",2009,48,121,864477,14,8,0,466,1
"Northeast",2009,49,112,886590,12.63,9,9,476,1
"Northeast",2009,50,153,847964,18.04,0,0,464,1
"Northeast",2009,51,148,857296,17.26,1,0,441,1
"Northeast",2009,52,143,836394,17.1,2,0,441,1
"Northeast",2009,53,106,807900,13.12,3,0,409,1
"Northeast",2009,54,127,813492,15.61,4,0,416,1
"Northeast",2009,55,100,761199,13.14,5,0,350,1
"Northeast",2009,56,114,745111,15.3,6,0,357,1
"Northeast",2009,57,98,713387,13.74,7,0,312,1
"Northeast",2009,58,97,695479,13.95,8,0,317,1
"Northeast",2009,59,82,689633,11.89,9,9,282,1
"Northeast",2009,60,78,649098,12.02,0,0,268,1
"Northeast",2009,61,83,658716,12.6,1,0,260,1
"Northeast",2009,62,62,702787,8.82,2,0,242,1
"Northeast",2009,63,59,507185,11.63,3,0,199,1
"Northeast",2009,64,54,496383,10.88,4,0,194,1
"South",2009,25,220,1559968,14.1,5,0,1130,2
"South",2009,26,223,1554520,14.35,6,0,1198,2
"South",2009,27,211,1570089,13.44,7,0,1108,2
"South",2009,28,225,1590822,14.14,8,0,1147,2
"South",2009,29,241,1546447,15.58,9,9,1189,2
"South",2009,30,221,1510974,14.63,0,0,1108,2
"South",2009,31,201,1450396,13.86,1,0,1008,2
"South",2009,32,191,1457733,13.1,2,0,978,2
"South",2009,33,221,1430017,15.45,3,0,984,2
"South",2009,34,227,1461662,15.53,4,0,1021,2
"South",2009,35,207,1440417,14.37,5,0,972,2
"South",2009,36,219,1482325,14.77,6,0,1043,2
"South",2009,37,252,1545777,16.3,7,0,1046,2
"South",2009,38,269,1619642,16.61,8,0,1102,2
"South",2009,39,271,1625806,16.67,9,9,1063,2
"South",2009,40,253,1535899,16.47,0,0,1109,2
"South",2009,41,276,1509892,18.28,1,0,1093,2
"South",2009,42,267,1509239,17.69,2,0,1131,2
"South",2009,43,321,1560767,20.57,3,0,1182,2
"South",2009,44,336,1644024,20.44,4,0,1268,2
"South",2009,45,336,1669984,20.12,5,0,1333,2
"South",2009,46,334,1670105,20,6,0,1415,2
"South",2009,47,315,1670960,18.85,7,0,1422,2
"South",2009,48,328,1675143,19.58,8,0,1411,2
"South",2009,49,330,1699872,19.41,9,9,1310,2
"South",2009,50,363,1621109,22.39,0,0,1337,2
"South",2009,51,328,1632224,20.1,1,0,1308,2
"South",2009,52,336,1603163,20.96,2,0,1292,2
"South",2009,53,329,1549994,21.23,3,0,1274,2
"South",2009,54,316,1559597,20.26,4,0,1192,2
"South",2009,55,299,1474683,20.28,5,0,1088,2
"South",2009,56,271,1439599,18.82,6,0,1032,2
"South",2009,57,259,1382538,18.73,7,0,969,2
"South",2009,58,284,1355328,20.95,8,0,923,2
"South",2009,59,218,1344773,16.21,9,9,845,2
"South",2009,60,211,1289008,16.37,0,0,789,2
"South",2009,61,222,1310866,16.94,1,0,801,2
"South",2009,62,189,1354075,13.96,2,0,755,2
"South",2009,63,150,1043830,14.37,3,0,649,2
"South",2009,64,145,1026493,14.13,4,0,556,2
"West",2009,25,144,1045238,13.78,5,0,560,3
"West",2009,26,131,1037237,12.63,6,0,580,3
"West",2009,27,127,1061066,11.97,7,0,538,3
"West",2009,28,151,1059722,14.25,8,0,561,3
"West",2009,29,139,1031291,13.48,9,9,585,3
"West",2009,30,139,1021382,13.61,0,0,528,3
"West",2009,31,109,948982,11.49,1,0,506,3
"West",2009,32,138,964820,14.3,2,0,522,3
"West",2009,33,135,938689,14.38,3,0,499,3
"West",2009,34,148,966468,15.31,4,0,497,3
"West",2009,35,155,941355,16.47,5,0,517,3
"West",2009,36,143,940423,15.21,6,0,480,3
"West",2009,37,126,967940,13.02,7,0,499,3
"West",2009,38,170,1011277,16.81,8,0,581,3
"West",2009,39,180,1056487,17.04,9,9,582,3
"West",2009,40,165,981099,16.82,0,0,580,3
"West",2009,41,163,959377,16.99,1,0,614,3
"West",2009,42,192,937344,20.48,2,0,632,3
"West",2009,43,182,951652,19.12,3,0,664,3
"West",2009,44,178,1009442,17.63,4,0,678,3
"West",2009,45,198,1011000,19.58,5,0,705,3
"West",2009,46,220,1017285,21.63,6,0,811,3
"West",2009,47,216,1027435,21.02,7,0,772,3
"West",2009,48,227,1021333,22.23,8,0,864,3
"West",2009,49,220,1060528,20.74,9,9,819,3
"West",2009,50,226,991090,22.8,0,0,768,3
"West",2009,51,218,1006790,21.65,1,0,777,3
"West",2009,52,221,988761,22.35,2,0,754,3
"West",2009,53,268,957674,27.98,3,0,821,3
"West",2009,54,208,973327,21.37,4,0,725,3
"West",2009,55,238,917851,25.93,5,0,716,3
"West",2009,56,192,897440,21.39,6,0,659,3
"West",2009,57,191,855950,22.31,7,0,647,3
"West",2009,58,173,832074,20.79,8,0,596,3
"West",2009,59,189,836141,22.6,9,9,525,3
"West",2009,60,185,777009,23.81,0,0,531,3
"West",2009,61,133,777259,17.11,1,0,459,3
"West",2009,62,140,804525,17.4,2,0,456,3
"West",2009,63,98,613340,15.98,3,0,333,3
"West",2009,64,102,603702,16.9,4,0,331,3
"Midwest",2010,25,132,890794,14.82,5,0,567,4
"Midwest",2010,26,132,865318,15.25,6,0,602,4
"Midwest",2010,27,134,886223,15.12,7,0,567,4
"Midwest",2010,28,159,883361,18,8,0,610,4
"Midwest",2010,29,129,890460,14.49,9,9,571,4
"Midwest",2010,30,122,900621,13.55,0,0,596,4
"Midwest",2010,31,110,836581,13.15,1,0,510,4
"Midwest",2010,32,111,833821,13.31,2,0,485,4
"Midwest",2010,33,131,807660,16.22,3,0,474,4
"Midwest",2010,34,135,796711,16.94,4,0,481,4
"Midwest",2010,35,119,817379,14.56,5,0,496,4
"Midwest",2010,36,118,783240,15.07,6,0,465,4
"Midwest",2010,37,140,811361,17.25,7,0,476,4
"Midwest",2010,38,134,860300,15.58,8,0,499,4
"Midwest",2010,39,146,915792,15.94,9,9,516,4
"Midwest",2010,40,152,910931,16.69,0,0,528,4
"Midwest",2010,41,142,860668,16.5,1,0,531,4
"Midwest",2010,42,147,854607,17.2,2,0,518,4
"Midwest",2010,43,133,871420,15.26,3,0,479,4
"Midwest",2010,44,165,894636,18.44,4,0,577,4
"Midwest",2010,45,186,962134,19.33,5,0,653,4
"Midwest",2010,46,179,976431,18.33,6,0,671,4
"Midwest",2010,47,196,987230,19.85,7,0,662,4
"Midwest",2010,48,184,1003052,18.34,8,0,693,4
"Midwest",2010,49,199,1024206,19.43,9,9,761,4
"Midwest",2010,50,214,1035705,20.66,0,0,729,4
"Midwest",2010,51,185,1002167,18.46,1,0,692,4
"Midwest",2010,52,213,1015495,20.97,2,0,690,4
"Midwest",2010,53,192,985970,19.47,3,0,641,4
"Midwest",2010,54,180,965995,18.63,4,0,584,4
"Midwest",2010,55,184,956441,19.24,5,0,607,4
"Midwest",2010,56,170,907714,18.73,6,0,523,4
"Midwest",2010,57,157,884679,17.75,7,0,511,4
"Midwest",2010,58,155,862034,17.98,8,0,526,4
"Midwest",2010,59,137,815796,16.79,9,9,450,4
"Midwest",2010,60,128,801242,15.98,0,0,438,4
"Midwest",2010,61,101,769496,13.13,1,0,424,4
"Midwest",2010,62,83,779142,10.65,2,0,393,4
"Midwest",2010,63,104,755809,13.76,3,0,376,4
"Midwest",2010,64,66,563509,11.71,4,0,305,4
"Northeast",2010,25,96,739851,12.98,5,0,438,1
"Northeast",2010,26,74,714762,10.35,6,0,403,1
"Northeast",2010,27,74,727650,10.17,7,0,401,1
"Northeast",2010,28,76,719301,10.57,8,0,362,1
"Northeast",2010,29,84,715991,11.73,9,9,384,1
"Northeast",2010,30,62,733669,8.45,0,0,346,1
"Northeast",2010,31,72,679327,10.6,1,0,337,1
"Northeast",2010,32,74,682485,10.84,2,0,328,1
"Northeast",2010,33,66,660690,9.99,3,0,310,1
"Northeast",2010,34,56,657729,8.51,4,0,260,1
"Northeast",2010,35,78,680962,11.45,5,0,309,1
"Northeast",2010,36,74,652562,11.34,6,0,333,1
"Northeast",2010,37,71,679004,10.46,7,0,307,1
"Northeast",2010,38,89,720150,12.36,8,0,334,1
"Northeast",2010,39,93,776853,11.97,9,9,334,1
"Northeast",2010,40,109,795726,13.7,0,0,379,1
"Northeast",2010,41,121,754675,16.03,1,0,386,1
"Northeast",2010,42,109,761952,14.31,2,0,361,1
"Northeast",2010,43,105,775414,13.54,3,0,392,1
"Northeast",2010,44,107,804045,13.31,4,0,442,1
"Northeast",2010,45,124,856103,14.48,5,0,433,1
"Northeast",2010,46,122,852462,14.31,6,0,485,1
"Northeast",2010,47,123,850239,14.47,7,0,457,1
"Northeast",2010,48,144,852024,16.9,8,0,521,1
"Northeast",2010,49,146,867513,16.83,9,9,498,1
"Northeast",2010,50,146,880328,16.58,0,0,491,1
"Northeast",2010,51,139,849998,16.35,1,0,452,1
"Northeast",2010,52,125,852970,14.65,2,0,449,1
"Northeast",2010,53,136,826172,16.46,3,0,449,1
"Northeast",2010,54,129,808003,15.97,4,0,421,1
"Northeast",2010,55,120,799592,15.01,5,0,385,1
"Northeast",2010,56,117,752241,15.55,6,0,390,1
"Northeast",2010,57,102,735838,13.86,7,0,359,1
"Northeast",2010,58,104,707779,14.69,8,0,351,1
"Northeast",2010,59,93,677711,13.72,9,9,328,1
"Northeast",2010,60,87,674239,12.9,0,0,324,1
"Northeast",2010,61,66,649557,10.16,1,0,265,1
"Northeast",2010,62,73,667004,10.94,2,0,271,1
"Northeast",2010,63,79,654357,12.07,3,0,279,1
"Northeast",2010,64,59,491586,12,4,0,207,1
"South",2010,25,225,1578122,14.26,5,0,1174,2
"South",2010,26,234,1542522,15.17,6,0,1184,2
"South",2010,27,224,1579850,14.18,7,0,1150,2
"South",2010,28,226,1562694,14.46,8,0,1140,2
"South",2010,29,252,1571923,16.03,9,9,1135,2
"South",2010,30,223,1589029,14.03,0,0,1145,2
"South",2010,31,223,1480137,15.07,1,0,1127,2
"South",2010,32,208,1489406,13.97,2,0,1024,2
"South",2010,33,225,1452621,15.49,3,0,1020,2
"South",2010,34,211,1437712,14.68,4,0,948,2
"South",2010,35,220,1481206,14.85,5,0,1012,2
"South",2010,36,225,1439072,15.64,6,0,956,2
"South",2010,37,270,1497951,18.02,7,0,1052,2
"South",2010,38,232,1567228,14.8,8,0,1065,2
"South",2010,39,272,1641709,16.57,9,9,1125,2
"South",2010,40,283,1625156,17.41,0,0,1073,2
"South",2010,41,261,1527554,17.09,1,0,1080,2
"South",2010,42,268,1509778,17.75,2,0,1100,2
"South",2010,43,246,1520253,16.18,3,0,1065,2
"South",2010,44,309,1561436,19.79,4,0,1192,2
"South",2010,45,315,1673808,18.82,5,0,1240,2
"South",2010,46,363,1677515,21.64,6,0,1333,2
"South",2010,47,339,1675895,20.23,7,0,1348,2
"South",2010,48,339,1666380,20.34,8,0,1381,2
"South",2010,49,331,1681309,19.69,9,9,1357,2
"South",2010,50,350,1694391,20.66,0,0,1361,2
"South",2010,51,365,1621441,22.51,1,0,1367,2
"South",2010,52,353,1629228,21.67,2,0,1284,2
"South",2010,53,319,1590118,20.06,3,0,1250,2
"South",2010,54,311,1555302,20,4,0,1197,2
"South",2010,55,298,1539924,19.35,5,0,1173,2
"South",2010,56,309,1466338,21.07,6,0,1113,2
"South",2010,57,267,1425968,18.72,7,0,1049,2
"South",2010,58,244,1377977,17.71,8,0,920,2
"South",2010,59,261,1328679,19.64,9,9,862,2
"South",2010,60,238,1326146,17.95,0,0,826,2
"South",2010,61,229,1296049,17.67,1,0,816,2
"South",2010,62,217,1329327,16.32,2,0,772,2
"South",2010,63,207,1307534,15.83,3,0,755,2
"South",2010,64,155,1007094,15.39,4,0,633,2
"West",2010,25,142,1053583,13.48,5,0,575,3
"West",2010,26,156,1029703,15.15,6,0,551,3
"West",2010,27,140,1055146,13.27,7,0,542,3
"West",2010,28,165,1049893,15.72,8,0,572,3
"West",2010,29,146,1044702,13.98,9,9,573,3
"West",2010,30,125,1062349,11.77,0,0,537,3
"West",2010,31,151,974173,15.5,1,0,532,3
"West",2010,32,152,981135,15.49,2,0,545,3
"West",2010,33,153,959179,15.95,3,0,527,3
"West",2010,34,125,947064,13.2,4,0,443,3
"West",2010,35,149,976887,15.25,5,0,466,3
"West",2010,36,140,927213,15.1,6,0,490,3
"West",2010,37,164,946129,17.33,7,0,481,3
"West",2010,38,169,974202,17.35,8,0,551,3
"West",2010,39,181,1030442,17.57,9,9,588,3
"West",2010,40,177,1051461,16.83,0,0,552,3
"West",2010,41,153,972088,15.74,1,0,574,3
"West",2010,42,150,949767,15.79,2,0,564,3
"West",2010,43,174,938018,18.55,3,0,606,3
"West",2010,44,176,951379,18.5,4,0,622,3
"West",2010,45,189,1016823,18.59,5,0,621,3
"West",2010,46,214,1013353,21.12,6,0,713,3
"West",2010,47,201,1021901,19.67,7,0,733,3
"West",2010,48,241,1017340,23.69,8,0,747,3
"West",2010,49,237,1032873,22.95,9,9,808,3
"West",2010,50,199,1049871,18.95,0,0,733,3
"West",2010,51,213,991025,21.49,1,0,714,3
"West",2010,52,212,1003153,21.13,2,0,751,3
"West",2010,53,232,978094,23.72,3,0,712,3
"West",2010,54,214,962699,22.23,4,0,746,3
"West",2010,55,220,958752,22.95,5,0,736,3
"West",2010,56,241,911220,26.45,6,0,702,3
"West",2010,57,217,889901,24.38,7,0,671,3
"West",2010,58,189,847138,22.31,8,0,601,3
"West",2010,59,175,819083,21.37,9,9,587,3
"West",2010,60,173,819504,21.11,0,0,551,3
"West",2010,61,152,777494,19.55,1,0,491,3
"West",2010,62,140,787709,17.77,2,0,457,3
"West",2010,63,149,766184,19.45,3,0,465,3
"West",2010,64,118,594942,19.83,4,0,356,3
"Midwest",2011,25,124,883292,14.04,5,0,592,4
"Midwest",2011,26,130,892801,14.56,6,0,595,4
"Midwest",2011,27,126,863691,14.59,7,0,531,4
"Midwest",2011,28,128,883403,14.49,8,0,554,4
"Midwest",2011,29,135,888537,15.19,9,9,584,4
"Midwest",2011,30,155,886045,17.49,0,0,626,4
"Midwest",2011,31,158,902958,17.5,1,0,589,4
"Midwest",2011,32,149,850060,17.53,2,0,579,4
"Midwest",2011,33,131,827931,15.82,3,0,496,4
"Midwest",2011,34,138,817967,16.87,4,0,528,4
"Midwest",2011,35,107,790363,13.54,5,0,489,4
"Midwest",2011,36,119,812938,14.64,6,0,468,4
"Midwest",2011,37,136,786280,17.3,7,0,510,4
"Midwest",2011,38,117,799877,14.63,8,0,491,4
"Midwest",2011,39,152,845408,17.98,9,9,585,4
"Midwest",2011,40,160,902421,17.73,0,0,573,4
"Midwest",2011,41,168,908974,18.48,1,0,589,4
"Midwest",2011,42,148,867184,17.07,2,0,531,4
"Midwest",2011,43,151,851434,17.73,3,0,575,4
"Midwest",2011,44,155,864858,17.92,4,0,545,4
"Midwest",2011,45,169,882391,19.15,5,0,588,4
"Midwest",2011,46,186,940990,19.77,6,0,697,4
"Midwest",2011,47,208,972253,21.39,7,0,723,4
"Midwest",2011,48,187,981907,19.04,8,0,728,4
"Midwest",2011,49,200,993983,20.12,9,9,720,4
"Midwest",2011,50,203,1017434,19.95,0,0,756,4
"Midwest",2011,51,197,1024453,19.23,1,0,699,4
"Midwest",2011,52,204,1001479,20.37,2,0,719,4
"Midwest",2011,53,188,1003923,18.73,3,0,723,4
"Midwest",2011,54,180,992252,18.14,4,0,668,4
"Midwest",2011,55,160,956282,16.73,5,0,620,4
"Midwest",2011,56,186,948470,19.61,6,0,646,4
"Midwest",2011,57,155,910874,17.02,7,0,543,4
"Midwest",2011,58,152,877848,17.32,8,0,544,4
"Midwest",2011,59,123,853730,14.41,9,9,472,4
"Midwest",2011,60,121,820167,14.75,0,0,411,4
"Midwest",2011,61,109,789378,13.81,1,0,412,4
"Midwest",2011,62,79,764477,10.33,2,0,372,4
"Midwest",2011,63,104,750641,13.85,3,0,390,4
"Midwest",2011,64,100,782470,12.78,4,0,390,4
"Northeast",2011,25,86,750356,11.46,5,0,440,1
"Northeast",2011,26,99,751944,13.17,6,0,448,1
"Northeast",2011,27,74,722817,10.24,7,0,392,1
"Northeast",2011,28,76,729272,10.42,8,0,430,1
"Northeast",2011,29,102,727867,14.01,9,9,449,1
"Northeast",2011,30,78,715632,10.9,0,0,376,1
"Northeast",2011,31,79,738692,10.69,1,0,394,1
"Northeast",2011,32,69,693013,9.96,2,0,384,1
"Northeast",2011,33,66,680388,9.7,3,0,338,1
"Northeast",2011,34,69,670458,10.29,4,0,342,1
"Northeast",2011,35,85,655627,12.96,5,0,310,1
"Northeast",2011,36,75,680181,11.03,6,0,324,1
"Northeast",2011,37,90,656906,13.7,7,0,321,1
"Northeast",2011,38,64,671818,9.53,8,0,301,1
"Northeast",2011,39,91,712664,12.77,9,9,383,1
"Northeast",2011,40,108,768245,14.06,0,0,413,1
"Northeast",2011,41,114,795936,14.32,1,0,397,1
"Northeast",2011,42,112,762162,14.7,2,0,404,1
"Northeast",2011,43,138,762015,18.11,3,0,419,1
"Northeast",2011,44,98,771591,12.7,4,0,428,1
"Northeast",2011,45,122,795515,15.34,5,0,470,1
"Northeast",2011,46,151,839479,17.99,6,0,515,1
"Northeast",2011,47,133,850601,15.64,7,0,519,1
"Northeast",2011,48,117,847205,13.81,8,0,477,1
"Northeast",2011,49,142,846668,16.77,9,9,535,1
"Northeast",2011,50,128,862546,14.84,0,0,488,1
"Northeast",2011,51,144,872514,16.5,1,0,535,1
"Northeast",2011,52,147,850506,17.28,2,0,472,1
"Northeast",2011,53,134,844169,15.87,3,0,488,1
"Northeast",2011,54,144,831366,17.32,4,0,502,1
"Northeast",2011,55,126,800901,15.73,5,0,468,1
"Northeast",2011,56,115,793819,14.49,6,0,476,1
"Northeast",2011,57,107,755457,14.16,7,0,386,1
"Northeast",2011,58,100,730274,13.69,8,0,366,1
"Northeast",2011,59,100,701518,14.25,9,9,296,1
"Northeast",2011,60,84,679702,12.36,0,0,312,1
"Northeast",2011,61,80,664460,12.04,1,0,288,1
"Northeast",2011,62,88,644796,13.65,2,0,300,1
"Northeast",2011,63,73,643465,11.34,3,0,292,1
"Northeast",2011,64,81,675381,11.99,4,0,312,1
"South",2011,25,230,1585274,14.51,5,0,1186,2
"South",2011,26,241,1600064,15.06,6,0,1194,2
"South",2011,27,236,1556215,15.16,7,0,1166,2
"South",2011,28,246,1585740,15.51,8,0,1145,2
"South",2011,29,237,1584712,14.96,9,9,1188,2
"South",2011,30,234,1577121,14.84,0,0,1131,2
"South",2011,31,256,1606204,15.94,1,0,1158,2
"South",2011,32,217,1515829,14.32,2,0,1101,2
"South",2011,33,250,1490677,16.77,3,0,1087,2
"South",2011,34,224,1481491,15.12,4,0,1015,2
"South",2011,35,215,1438241,14.95,5,0,1010,2
"South",2011,36,239,1486055,16.08,6,0,984,2
"South",2011,37,227,1456458,15.59,7,0,899,2
"South",2011,38,244,1489291,16.38,8,0,1056,2
"South",2011,39,271,1557563,17.4,9,9,1125,2
"South",2011,40,266,1631733,16.3,0,0,1141,2
"South",2011,41,275,1631482,16.86,1,0,1096,2
"South",2011,42,274,1548660,17.69,2,0,1095,2
"South",2011,43,254,1514987,16.77,3,0,1089,2
"South",2011,44,271,1518282,17.85,4,0,1134,2
"South",2011,45,314,1550965,20.25,5,0,1221,2
"South",2011,46,312,1649205,18.92,6,0,1281,2
"South",2011,47,332,1683172,19.72,7,0,1364,2
"South",2011,48,360,1674826,21.49,8,0,1445,2
"South",2011,49,349,1664450,20.97,9,9,1435,2
"South",2011,50,331,1676760,19.74,0,0,1379,2
"South",2011,51,368,1686978,21.81,1,0,1421,2
"South",2011,52,359,1632620,21.99,2,0,1345,2
"South",2011,53,352,1617781,21.76,3,0,1375,2
"South",2011,54,348,1607664,21.65,4,0,1238,2
"South",2011,55,321,1550097,20.71,5,0,1199,2
"South",2011,56,301,1537061,19.58,6,0,1118,2
"South",2011,57,299,1482529,20.17,7,0,1075,2
"South",2011,58,289,1424673,20.29,8,0,1034,2
"South",2011,59,241,1374467,17.53,9,9,912,2
"South",2011,60,260,1342261,19.37,0,0,933,2
"South",2011,61,199,1319982,15.08,1,0,845,2
"South",2011,62,189,1300805,14.53,2,0,765,2
"South",2011,63,196,1298826,15.09,3,0,764,2
"South",2011,64,207,1361308,15.21,4,0,783,2
"West",2011,25,176,1049969,16.76,5,0,635,3
"West",2011,26,179,1067764,16.76,6,0,640,3
"West",2011,27,148,1039581,14.24,7,0,596,3
"West",2011,28,170,1057985,16.07,8,0,564,3
"West",2011,29,148,1063130,13.92,9,9,540,3
"West",2011,30,147,1046342,14.05,0,0,566,3
"West",2011,31,166,1069541,15.52,1,0,587,3
"West",2011,32,130,994240,13.08,2,0,529,3
"West",2011,33,156,977697,15.96,3,0,500,3
"West",2011,34,137,971250,14.11,4,0,529,3
"West",2011,35,122,944355,12.92,5,0,485,3
"West",2011,36,151,973883,15.5,6,0,514,3
"West",2011,37,138,934201,14.77,7,0,470,3
"West",2011,38,178,937897,18.98,8,0,532,3
"West",2011,39,176,966042,18.22,9,9,571,3
"West",2011,40,192,1021806,18.79,0,0,624,3
"West",2011,41,181,1048944,17.26,1,0,593,3
"West",2011,42,190,982492,19.34,2,0,663,3
"West",2011,43,171,950767,17.99,3,0,600,3
"West",2011,44,176,934327,18.84,4,0,601,3
"West",2011,45,180,943202,19.08,5,0,659,3
"West",2011,46,201,1000345,20.09,6,0,678,3
"West",2011,47,189,1013210,18.65,7,0,711,3
"West",2011,48,200,1018818,19.63,8,0,735,3
"West",2011,49,230,1015110,22.66,9,9,766,3
"West",2011,50,247,1026069,24.07,0,0,804,3
"West",2011,51,242,1044315,23.17,1,0,861,3
"West",2011,52,221,995227,22.21,2,0,756,3
"West",2011,53,223,993905,22.44,3,0,797,3
"West",2011,54,216,985395,21.92,4,0,761,3
"West",2011,55,230,957426,24.02,5,0,732,3
"West",2011,56,210,954443,22,6,0,765,3
"West",2011,57,214,918373,23.3,7,0,678,3
"West",2011,58,189,886624,21.32,8,0,596,3
"West",2011,59,190,844714,22.49,9,9,607,3
"West",2011,60,183,823283,22.23,0,0,573,3
"West",2011,61,151,812598,18.58,1,0,505,3
"West",2011,62,139,777922,17.87,2,0,480,3
"West",2011,63,137,767788,17.84,3,0,464,3
"West",2011,64,133,793620,16.76,4,0,426,3
